mode,domain,threshold,coverage,accuracy,risk,n
ADAPTIVERAG,battery,0.0,1.0,0.9766355140186916,0.02336448598130836,1070
ADAPTIVERAG,battery,0.02,1.0,0.9766355140186916,0.02336448598130836,1070
ADAPTIVERAG,battery,0.04,1.0,0.9766355140186916,0.02336448598130836,1070
ADAPTIVERAG,battery,0.06,1.0,0.9766355140186916,0.02336448598130836,1070
ADAPTIVERAG,battery,0.08,1.0,0.9766355140186916,0.02336448598130836,1070
ADAPTIVERAG,battery,0.1,1.0,0.9766355140186916,0.02336448598130836,1070
ADAPTIVERAG,battery,0.12,1.0,0.9766355140186916,0.02336448598130836,1070
ADAPTIVERAG,battery,0.14,1.0,0.9766355140186916,0.02336448598130836,1070
ADAPTIVERAG,battery,0.16,1.0,0.9766355140186916,0.02336448598130836,1070
ADAPTIVERAG,battery,0.18,1.0,0.9766355140186916,0.02336448598130836,1070
ADAPTIVERAG,battery,0.2,1.0,0.9766355140186916,0.02336448598130836,1070
ADAPTIVERAG,battery,0.22,1.0,0.9766355140186916,0.02336448598130836,1070
ADAPTIVERAG,battery,0.24,1.0,0.9766355140186916,0.02336448598130836,1070
ADAPTIVERAG,battery,0.26,1.0,0.9766355140186916,0.02336448598130836,1070
ADAPTIVERAG,battery,0.28,1.0,0.9766355140186916,0.02336448598130836,1070
ADAPTIVERAG,battery,0.3,1.0,0.9766355140186916,0.02336448598130836,1070
ADAPTIVERAG,battery,0.32,1.0,0.9766355140186916,0.02336448598130836,1070
ADAPTIVERAG,battery,0.34,1.0,0.9766355140186916,0.02336448598130836,1070
ADAPTIVERAG,battery,0.36,1.0,0.9766355140186916,0.02336448598130836,1070
ADAPTIVERAG,battery,0.38,1.0,0.9766355140186916,0.02336448598130836,1070
ADAPTIVERAG,battery,0.4,1.0,0.9766355140186916,0.02336448598130836,1070
ADAPTIVERAG,battery,0.42,0.07850467289719626,1.0,0.0,84
ADAPTIVERAG,battery,0.44,0.07850467289719626,1.0,0.0,84
ADAPTIVERAG,battery,0.46,0.07850467289719626,1.0,0.0,84
ADAPTIVERAG,battery,0.48,0.07850467289719626,1.0,0.0,84
ADAPTIVERAG,battery,0.5,0.07850467289719626,1.0,0.0,84
ADAPTIVERAG,battery,0.52,0.07850467289719626,1.0,0.0,84
ADAPTIVERAG,battery,0.54,0.07850467289719626,1.0,0.0,84
ADAPTIVERAG,battery,0.56,0.07850467289719626,1.0,0.0,84
ADAPTIVERAG,battery,0.58,0.07850467289719626,1.0,0.0,84
ADAPTIVERAG,battery,0.6,0.07850467289719626,1.0,0.0,84
ADAPTIVERAG,battery,0.62,0.07850467289719626,1.0,0.0,84
ADAPTIVERAG,battery,0.64,0.07850467289719626,1.0,0.0,84
ADAPTIVERAG,battery,0.66,0.07850467289719626,1.0,0.0,84
ADAPTIVERAG,battery,0.68,0.07850467289719626,1.0,0.0,84
ADAPTIVERAG,battery,0.7000000000000001,0.07850467289719626,1.0,0.0,84
ADAPTIVERAG,battery,0.72,0.07850467289719626,1.0,0.0,84
ADAPTIVERAG,battery,0.74,0.07850467289719626,1.0,0.0,84
ADAPTIVERAG,battery,0.76,0.07850467289719626,1.0,0.0,84
ADAPTIVERAG,battery,0.78,0.07850467289719626,1.0,0.0,84
ADAPTIVERAG,battery,0.8,0.07850467289719626,1.0,0.0,84
ADAPTIVERAG,battery,0.8200000000000001,0.07850467289719626,1.0,0.0,84
ADAPTIVERAG,battery,0.84,0.07850467289719626,1.0,0.0,84
ADAPTIVERAG,battery,0.86,0.07850467289719626,1.0,0.0,84
ADAPTIVERAG,battery,0.88,0.07850467289719626,1.0,0.0,84
ADAPTIVERAG,battery,0.9,0.07850467289719626,1.0,0.0,84
ADAPTIVERAG,battery,0.92,0.010280373831775701,1.0,0.0,11
ADAPTIVERAG,battery,0.9400000000000001,0.002803738317757009,1.0,0.0,3
ADAPTIVERAG,battery,0.96,0.0,0.0,1.0,0
ADAPTIVERAG,battery,0.98,0.0,0.0,1.0,0
ADAPTIVERAG,battery,1.0,0.0,0.0,1.0,0
ADAPTIVERAG,lexmark,0.0,1.0,0.9871794871794872,0.012820512820512775,936
ADAPTIVERAG,lexmark,0.02,1.0,0.9871794871794872,0.012820512820512775,936
ADAPTIVERAG,lexmark,0.04,1.0,0.9871794871794872,0.012820512820512775,936
ADAPTIVERAG,lexmark,0.06,1.0,0.9871794871794872,0.012820512820512775,936
ADAPTIVERAG,lexmark,0.08,1.0,0.9871794871794872,0.012820512820512775,936
ADAPTIVERAG,lexmark,0.1,1.0,0.9871794871794872,0.012820512820512775,936
ADAPTIVERAG,lexmark,0.12,1.0,0.9871794871794872,0.012820512820512775,936
ADAPTIVERAG,lexmark,0.14,1.0,0.9871794871794872,0.012820512820512775,936
ADAPTIVERAG,lexmark,0.16,1.0,0.9871794871794872,0.012820512820512775,936
ADAPTIVERAG,lexmark,0.18,1.0,0.9871794871794872,0.012820512820512775,936
ADAPTIVERAG,lexmark,0.2,1.0,0.9871794871794872,0.012820512820512775,936
ADAPTIVERAG,lexmark,0.22,1.0,0.9871794871794872,0.012820512820512775,936
ADAPTIVERAG,lexmark,0.24,1.0,0.9871794871794872,0.012820512820512775,936
ADAPTIVERAG,lexmark,0.26,1.0,0.9871794871794872,0.012820512820512775,936
ADAPTIVERAG,lexmark,0.28,1.0,0.9871794871794872,0.012820512820512775,936
ADAPTIVERAG,lexmark,0.3,1.0,0.9871794871794872,0.012820512820512775,936
ADAPTIVERAG,lexmark,0.32,1.0,0.9871794871794872,0.012820512820512775,936
ADAPTIVERAG,lexmark,0.34,1.0,0.9871794871794872,0.012820512820512775,936
ADAPTIVERAG,lexmark,0.36,1.0,0.9871794871794872,0.012820512820512775,936
ADAPTIVERAG,lexmark,0.38,1.0,0.9871794871794872,0.012820512820512775,936
ADAPTIVERAG,lexmark,0.4,1.0,0.9871794871794872,0.012820512820512775,936
ADAPTIVERAG,lexmark,0.42,0.0876068376068376,1.0,0.0,82
ADAPTIVERAG,lexmark,0.44,0.0876068376068376,1.0,0.0,82
ADAPTIVERAG,lexmark,0.46,0.0876068376068376,1.0,0.0,82
ADAPTIVERAG,lexmark,0.48,0.0876068376068376,1.0,0.0,82
ADAPTIVERAG,lexmark,0.5,0.0876068376068376,1.0,0.0,82
ADAPTIVERAG,lexmark,0.52,0.0876068376068376,1.0,0.0,82
ADAPTIVERAG,lexmark,0.54,0.0876068376068376,1.0,0.0,82
ADAPTIVERAG,lexmark,0.56,0.0876068376068376,1.0,0.0,82
ADAPTIVERAG,lexmark,0.58,0.0876068376068376,1.0,0.0,82
ADAPTIVERAG,lexmark,0.6,0.0876068376068376,1.0,0.0,82
ADAPTIVERAG,lexmark,0.62,0.0876068376068376,1.0,0.0,82
ADAPTIVERAG,lexmark,0.64,0.0876068376068376,1.0,0.0,82
ADAPTIVERAG,lexmark,0.66,0.0876068376068376,1.0,0.0,82
ADAPTIVERAG,lexmark,0.68,0.0876068376068376,1.0,0.0,82
ADAPTIVERAG,lexmark,0.7000000000000001,0.0876068376068376,1.0,0.0,82
ADAPTIVERAG,lexmark,0.72,0.0876068376068376,1.0,0.0,82
ADAPTIVERAG,lexmark,0.74,0.0876068376068376,1.0,0.0,82
ADAPTIVERAG,lexmark,0.76,0.0876068376068376,1.0,0.0,82
ADAPTIVERAG,lexmark,0.78,0.0876068376068376,1.0,0.0,82
ADAPTIVERAG,lexmark,0.8,0.0876068376068376,1.0,0.0,82
ADAPTIVERAG,lexmark,0.8200000000000001,0.0876068376068376,1.0,0.0,82
ADAPTIVERAG,lexmark,0.84,0.0876068376068376,1.0,0.0,82
ADAPTIVERAG,lexmark,0.86,0.0876068376068376,1.0,0.0,82
ADAPTIVERAG,lexmark,0.88,0.0876068376068376,1.0,0.0,82
ADAPTIVERAG,lexmark,0.9,0.0876068376068376,1.0,0.0,82
ADAPTIVERAG,lexmark,0.92,0.005341880341880342,1.0,0.0,5
ADAPTIVERAG,lexmark,0.9400000000000001,0.002136752136752137,1.0,0.0,2
ADAPTIVERAG,lexmark,0.96,0.0,0.0,1.0,0
ADAPTIVERAG,lexmark,0.98,0.0,0.0,1.0,0
ADAPTIVERAG,lexmark,1.0,0.0,0.0,1.0,0
ADAPTIVERAG,viessmann,0.0,1.0,0.9655657062543921,0.03443429374560791,1423
ADAPTIVERAG,viessmann,0.02,1.0,0.9655657062543921,0.03443429374560791,1423
ADAPTIVERAG,viessmann,0.04,1.0,0.9655657062543921,0.03443429374560791,1423
ADAPTIVERAG,viessmann,0.06,1.0,0.9655657062543921,0.03443429374560791,1423
ADAPTIVERAG,viessmann,0.08,1.0,0.9655657062543921,0.03443429374560791,1423
ADAPTIVERAG,viessmann,0.1,1.0,0.9655657062543921,0.03443429374560791,1423
ADAPTIVERAG,viessmann,0.12,1.0,0.9655657062543921,0.03443429374560791,1423
ADAPTIVERAG,viessmann,0.14,1.0,0.9655657062543921,0.03443429374560791,1423
ADAPTIVERAG,viessmann,0.16,1.0,0.9655657062543921,0.03443429374560791,1423
ADAPTIVERAG,viessmann,0.18,1.0,0.9655657062543921,0.03443429374560791,1423
ADAPTIVERAG,viessmann,0.2,1.0,0.9655657062543921,0.03443429374560791,1423
ADAPTIVERAG,viessmann,0.22,1.0,0.9655657062543921,0.03443429374560791,1423
ADAPTIVERAG,viessmann,0.24,1.0,0.9655657062543921,0.03443429374560791,1423
ADAPTIVERAG,viessmann,0.26,1.0,0.9655657062543921,0.03443429374560791,1423
ADAPTIVERAG,viessmann,0.28,1.0,0.9655657062543921,0.03443429374560791,1423
ADAPTIVERAG,viessmann,0.3,1.0,0.9655657062543921,0.03443429374560791,1423
ADAPTIVERAG,viessmann,0.32,1.0,0.9655657062543921,0.03443429374560791,1423
ADAPTIVERAG,viessmann,0.34,1.0,0.9655657062543921,0.03443429374560791,1423
ADAPTIVERAG,viessmann,0.36,1.0,0.9655657062543921,0.03443429374560791,1423
ADAPTIVERAG,viessmann,0.38,1.0,0.9655657062543921,0.03443429374560791,1423
ADAPTIVERAG,viessmann,0.4,1.0,0.9655657062543921,0.03443429374560791,1423
ADAPTIVERAG,viessmann,0.42,0.07519325368938862,1.0,0.0,107
ADAPTIVERAG,viessmann,0.44,0.07519325368938862,1.0,0.0,107
ADAPTIVERAG,viessmann,0.46,0.07519325368938862,1.0,0.0,107
ADAPTIVERAG,viessmann,0.48,0.07519325368938862,1.0,0.0,107
ADAPTIVERAG,viessmann,0.5,0.07519325368938862,1.0,0.0,107
ADAPTIVERAG,viessmann,0.52,0.07519325368938862,1.0,0.0,107
ADAPTIVERAG,viessmann,0.54,0.07519325368938862,1.0,0.0,107
ADAPTIVERAG,viessmann,0.56,0.07519325368938862,1.0,0.0,107
ADAPTIVERAG,viessmann,0.58,0.07519325368938862,1.0,0.0,107
ADAPTIVERAG,viessmann,0.6,0.07519325368938862,1.0,0.0,107
ADAPTIVERAG,viessmann,0.62,0.07519325368938862,1.0,0.0,107
ADAPTIVERAG,viessmann,0.64,0.07519325368938862,1.0,0.0,107
ADAPTIVERAG,viessmann,0.66,0.07519325368938862,1.0,0.0,107
ADAPTIVERAG,viessmann,0.68,0.07519325368938862,1.0,0.0,107
ADAPTIVERAG,viessmann,0.7000000000000001,0.07519325368938862,1.0,0.0,107
ADAPTIVERAG,viessmann,0.72,0.07519325368938862,1.0,0.0,107
ADAPTIVERAG,viessmann,0.74,0.07519325368938862,1.0,0.0,107
ADAPTIVERAG,viessmann,0.76,0.07519325368938862,1.0,0.0,107
ADAPTIVERAG,viessmann,0.78,0.07519325368938862,1.0,0.0,107
ADAPTIVERAG,viessmann,0.8,0.07519325368938862,1.0,0.0,107
ADAPTIVERAG,viessmann,0.8200000000000001,0.07519325368938862,1.0,0.0,107
ADAPTIVERAG,viessmann,0.84,0.07519325368938862,1.0,0.0,107
ADAPTIVERAG,viessmann,0.86,0.07519325368938862,1.0,0.0,107
ADAPTIVERAG,viessmann,0.88,0.07519325368938862,1.0,0.0,107
ADAPTIVERAG,viessmann,0.9,0.07519325368938862,1.0,0.0,107
ADAPTIVERAG,viessmann,0.92,0.02108222066057625,1.0,0.0,30
ADAPTIVERAG,viessmann,0.9400000000000001,0.0021082220660576245,1.0,0.0,3
ADAPTIVERAG,viessmann,0.96,0.0007027406886858749,1.0,0.0,1
ADAPTIVERAG,viessmann,0.98,0.0,0.0,1.0,0
ADAPTIVERAG,viessmann,1.0,0.0,0.0,1.0,0
BASE,battery,0.0,1.0,0.017757009345794394,0.9822429906542056,1070
BASE,battery,0.02,1.0,0.017757009345794394,0.9822429906542056,1070
BASE,battery,0.04,1.0,0.017757009345794394,0.9822429906542056,1070
BASE,battery,0.06,1.0,0.017757009345794394,0.9822429906542056,1070
BASE,battery,0.08,1.0,0.017757009345794394,0.9822429906542056,1070
BASE,battery,0.1,1.0,0.017757009345794394,0.9822429906542056,1070
BASE,battery,0.12,1.0,0.017757009345794394,0.9822429906542056,1070
BASE,battery,0.14,1.0,0.017757009345794394,0.9822429906542056,1070
BASE,battery,0.16,1.0,0.017757009345794394,0.9822429906542056,1070
BASE,battery,0.18,1.0,0.017757009345794394,0.9822429906542056,1070
BASE,battery,0.2,1.0,0.017757009345794394,0.9822429906542056,1070
BASE,battery,0.22,1.0,0.017757009345794394,0.9822429906542056,1070
BASE,battery,0.24,1.0,0.017757009345794394,0.9822429906542056,1070
BASE,battery,0.26,1.0,0.017757009345794394,0.9822429906542056,1070
BASE,battery,0.28,1.0,0.017757009345794394,0.9822429906542056,1070
BASE,battery,0.3,0.0,0.0,1.0,0
BASE,battery,0.32,0.0,0.0,1.0,0
BASE,battery,0.34,0.0,0.0,1.0,0
BASE,battery,0.36,0.0,0.0,1.0,0
BASE,battery,0.38,0.0,0.0,1.0,0
BASE,battery,0.4,0.0,0.0,1.0,0
BASE,battery,0.42,0.0,0.0,1.0,0
BASE,battery,0.44,0.0,0.0,1.0,0
BASE,battery,0.46,0.0,0.0,1.0,0
BASE,battery,0.48,0.0,0.0,1.0,0
BASE,battery,0.5,0.0,0.0,1.0,0
BASE,battery,0.52,0.0,0.0,1.0,0
BASE,battery,0.54,0.0,0.0,1.0,0
BASE,battery,0.56,0.0,0.0,1.0,0
BASE,battery,0.58,0.0,0.0,1.0,0
BASE,battery,0.6,0.0,0.0,1.0,0
BASE,battery,0.62,0.0,0.0,1.0,0
BASE,battery,0.64,0.0,0.0,1.0,0
BASE,battery,0.66,0.0,0.0,1.0,0
BASE,battery,0.68,0.0,0.0,1.0,0
BASE,battery,0.7000000000000001,0.0,0.0,1.0,0
BASE,battery,0.72,0.0,0.0,1.0,0
BASE,battery,0.74,0.0,0.0,1.0,0
BASE,battery,0.76,0.0,0.0,1.0,0
BASE,battery,0.78,0.0,0.0,1.0,0
BASE,battery,0.8,0.0,0.0,1.0,0
BASE,battery,0.8200000000000001,0.0,0.0,1.0,0
BASE,battery,0.84,0.0,0.0,1.0,0
BASE,battery,0.86,0.0,0.0,1.0,0
BASE,battery,0.88,0.0,0.0,1.0,0
BASE,battery,0.9,0.0,0.0,1.0,0
BASE,battery,0.92,0.0,0.0,1.0,0
BASE,battery,0.9400000000000001,0.0,0.0,1.0,0
BASE,battery,0.96,0.0,0.0,1.0,0
BASE,battery,0.98,0.0,0.0,1.0,0
BASE,battery,1.0,0.0,0.0,1.0,0
BASE,lexmark,0.0,1.0,0.011752136752136752,0.9882478632478633,936
BASE,lexmark,0.02,1.0,0.011752136752136752,0.9882478632478633,936
BASE,lexmark,0.04,1.0,0.011752136752136752,0.9882478632478633,936
BASE,lexmark,0.06,1.0,0.011752136752136752,0.9882478632478633,936
BASE,lexmark,0.08,1.0,0.011752136752136752,0.9882478632478633,936
BASE,lexmark,0.1,1.0,0.011752136752136752,0.9882478632478633,936
BASE,lexmark,0.12,1.0,0.011752136752136752,0.9882478632478633,936
BASE,lexmark,0.14,1.0,0.011752136752136752,0.9882478632478633,936
BASE,lexmark,0.16,1.0,0.011752136752136752,0.9882478632478633,936
BASE,lexmark,0.18,1.0,0.011752136752136752,0.9882478632478633,936
BASE,lexmark,0.2,1.0,0.011752136752136752,0.9882478632478633,936
BASE,lexmark,0.22,1.0,0.011752136752136752,0.9882478632478633,936
BASE,lexmark,0.24,1.0,0.011752136752136752,0.9882478632478633,936
BASE,lexmark,0.26,1.0,0.011752136752136752,0.9882478632478633,936
BASE,lexmark,0.28,1.0,0.011752136752136752,0.9882478632478633,936
BASE,lexmark,0.3,0.0,0.0,1.0,0
BASE,lexmark,0.32,0.0,0.0,1.0,0
BASE,lexmark,0.34,0.0,0.0,1.0,0
BASE,lexmark,0.36,0.0,0.0,1.0,0
BASE,lexmark,0.38,0.0,0.0,1.0,0
BASE,lexmark,0.4,0.0,0.0,1.0,0
BASE,lexmark,0.42,0.0,0.0,1.0,0
BASE,lexmark,0.44,0.0,0.0,1.0,0
BASE,lexmark,0.46,0.0,0.0,1.0,0
BASE,lexmark,0.48,0.0,0.0,1.0,0
BASE,lexmark,0.5,0.0,0.0,1.0,0
BASE,lexmark,0.52,0.0,0.0,1.0,0
BASE,lexmark,0.54,0.0,0.0,1.0,0
BASE,lexmark,0.56,0.0,0.0,1.0,0
BASE,lexmark,0.58,0.0,0.0,1.0,0
BASE,lexmark,0.6,0.0,0.0,1.0,0
BASE,lexmark,0.62,0.0,0.0,1.0,0
BASE,lexmark,0.64,0.0,0.0,1.0,0
BASE,lexmark,0.66,0.0,0.0,1.0,0
BASE,lexmark,0.68,0.0,0.0,1.0,0
BASE,lexmark,0.7000000000000001,0.0,0.0,1.0,0
BASE,lexmark,0.72,0.0,0.0,1.0,0
BASE,lexmark,0.74,0.0,0.0,1.0,0
BASE,lexmark,0.76,0.0,0.0,1.0,0
BASE,lexmark,0.78,0.0,0.0,1.0,0
BASE,lexmark,0.8,0.0,0.0,1.0,0
BASE,lexmark,0.8200000000000001,0.0,0.0,1.0,0
BASE,lexmark,0.84,0.0,0.0,1.0,0
BASE,lexmark,0.86,0.0,0.0,1.0,0
BASE,lexmark,0.88,0.0,0.0,1.0,0
BASE,lexmark,0.9,0.0,0.0,1.0,0
BASE,lexmark,0.92,0.0,0.0,1.0,0
BASE,lexmark,0.9400000000000001,0.0,0.0,1.0,0
BASE,lexmark,0.96,0.0,0.0,1.0,0
BASE,lexmark,0.98,0.0,0.0,1.0,0
BASE,lexmark,1.0,0.0,0.0,1.0,0
BASE,viessmann,0.0,1.0,0.019676739283204497,0.9803232607167955,1423
BASE,viessmann,0.02,1.0,0.019676739283204497,0.9803232607167955,1423
BASE,viessmann,0.04,1.0,0.019676739283204497,0.9803232607167955,1423
BASE,viessmann,0.06,1.0,0.019676739283204497,0.9803232607167955,1423
BASE,viessmann,0.08,1.0,0.019676739283204497,0.9803232607167955,1423
BASE,viessmann,0.1,1.0,0.019676739283204497,0.9803232607167955,1423
BASE,viessmann,0.12,1.0,0.019676739283204497,0.9803232607167955,1423
BASE,viessmann,0.14,1.0,0.019676739283204497,0.9803232607167955,1423
BASE,viessmann,0.16,1.0,0.019676739283204497,0.9803232607167955,1423
BASE,viessmann,0.18,1.0,0.019676739283204497,0.9803232607167955,1423
BASE,viessmann,0.2,1.0,0.019676739283204497,0.9803232607167955,1423
BASE,viessmann,0.22,1.0,0.019676739283204497,0.9803232607167955,1423
BASE,viessmann,0.24,1.0,0.019676739283204497,0.9803232607167955,1423
BASE,viessmann,0.26,1.0,0.019676739283204497,0.9803232607167955,1423
BASE,viessmann,0.28,1.0,0.019676739283204497,0.9803232607167955,1423
BASE,viessmann,0.3,0.0,0.0,1.0,0
BASE,viessmann,0.32,0.0,0.0,1.0,0
BASE,viessmann,0.34,0.0,0.0,1.0,0
BASE,viessmann,0.36,0.0,0.0,1.0,0
BASE,viessmann,0.38,0.0,0.0,1.0,0
BASE,viessmann,0.4,0.0,0.0,1.0,0
BASE,viessmann,0.42,0.0,0.0,1.0,0
BASE,viessmann,0.44,0.0,0.0,1.0,0
BASE,viessmann,0.46,0.0,0.0,1.0,0
BASE,viessmann,0.48,0.0,0.0,1.0,0
BASE,viessmann,0.5,0.0,0.0,1.0,0
BASE,viessmann,0.52,0.0,0.0,1.0,0
BASE,viessmann,0.54,0.0,0.0,1.0,0
BASE,viessmann,0.56,0.0,0.0,1.0,0
BASE,viessmann,0.58,0.0,0.0,1.0,0
BASE,viessmann,0.6,0.0,0.0,1.0,0
BASE,viessmann,0.62,0.0,0.0,1.0,0
BASE,viessmann,0.64,0.0,0.0,1.0,0
BASE,viessmann,0.66,0.0,0.0,1.0,0
BASE,viessmann,0.68,0.0,0.0,1.0,0
BASE,viessmann,0.7000000000000001,0.0,0.0,1.0,0
BASE,viessmann,0.72,0.0,0.0,1.0,0
BASE,viessmann,0.74,0.0,0.0,1.0,0
BASE,viessmann,0.76,0.0,0.0,1.0,0
BASE,viessmann,0.78,0.0,0.0,1.0,0
BASE,viessmann,0.8,0.0,0.0,1.0,0
BASE,viessmann,0.8200000000000001,0.0,0.0,1.0,0
BASE,viessmann,0.84,0.0,0.0,1.0,0
BASE,viessmann,0.86,0.0,0.0,1.0,0
BASE,viessmann,0.88,0.0,0.0,1.0,0
BASE,viessmann,0.9,0.0,0.0,1.0,0
BASE,viessmann,0.92,0.0,0.0,1.0,0
BASE,viessmann,0.9400000000000001,0.0,0.0,1.0,0
BASE,viessmann,0.96,0.0,0.0,1.0,0
BASE,viessmann,0.98,0.0,0.0,1.0,0
BASE,viessmann,1.0,0.0,0.0,1.0,0
MEM,battery,0.0,1.0,0.5205607476635514,0.4794392523364486,1070
MEM,battery,0.02,1.0,0.5205607476635514,0.4794392523364486,1070
MEM,battery,0.04,1.0,0.5205607476635514,0.4794392523364486,1070
MEM,battery,0.06,1.0,0.5205607476635514,0.4794392523364486,1070
MEM,battery,0.08,1.0,0.5205607476635514,0.4794392523364486,1070
MEM,battery,0.1,1.0,0.5205607476635514,0.4794392523364486,1070
MEM,battery,0.12,1.0,0.5205607476635514,0.4794392523364486,1070
MEM,battery,0.14,1.0,0.5205607476635514,0.4794392523364486,1070
MEM,battery,0.16,1.0,0.5205607476635514,0.4794392523364486,1070
MEM,battery,0.18,1.0,0.5205607476635514,0.4794392523364486,1070
MEM,battery,0.2,1.0,0.5205607476635514,0.4794392523364486,1070
MEM,battery,0.22,1.0,0.5205607476635514,0.4794392523364486,1070
MEM,battery,0.24,1.0,0.5205607476635514,0.4794392523364486,1070
MEM,battery,0.26,1.0,0.5205607476635514,0.4794392523364486,1070
MEM,battery,0.28,1.0,0.5205607476635514,0.4794392523364486,1070
MEM,battery,0.3,1.0,0.5205607476635514,0.4794392523364486,1070
MEM,battery,0.32,1.0,0.5205607476635514,0.4794392523364486,1070
MEM,battery,0.34,1.0,0.5205607476635514,0.4794392523364486,1070
MEM,battery,0.36,1.0,0.5205607476635514,0.4794392523364486,1070
MEM,battery,0.38,1.0,0.5205607476635514,0.4794392523364486,1070
MEM,battery,0.4,0.28785046728971964,0.9545454545454546,0.045454545454545414,308
MEM,battery,0.42,0.2757009345794392,0.9966101694915255,0.003389830508474523,295
MEM,battery,0.44,0.0,0.0,1.0,0
MEM,battery,0.46,0.0,0.0,1.0,0
MEM,battery,0.48,0.0,0.0,1.0,0
MEM,battery,0.5,0.0,0.0,1.0,0
MEM,battery,0.52,0.0,0.0,1.0,0
MEM,battery,0.54,0.0,0.0,1.0,0
MEM,battery,0.56,0.0,0.0,1.0,0
MEM,battery,0.58,0.0,0.0,1.0,0
MEM,battery,0.6,0.0,0.0,1.0,0
MEM,battery,0.62,0.0,0.0,1.0,0
MEM,battery,0.64,0.0,0.0,1.0,0
MEM,battery,0.66,0.0,0.0,1.0,0
MEM,battery,0.68,0.0,0.0,1.0,0
MEM,battery,0.7000000000000001,0.0,0.0,1.0,0
MEM,battery,0.72,0.0,0.0,1.0,0
MEM,battery,0.74,0.0,0.0,1.0,0
MEM,battery,0.76,0.0,0.0,1.0,0
MEM,battery,0.78,0.0,0.0,1.0,0
MEM,battery,0.8,0.0,0.0,1.0,0
MEM,battery,0.8200000000000001,0.0,0.0,1.0,0
MEM,battery,0.84,0.0,0.0,1.0,0
MEM,battery,0.86,0.0,0.0,1.0,0
MEM,battery,0.88,0.0,0.0,1.0,0
MEM,battery,0.9,0.0,0.0,1.0,0
MEM,battery,0.92,0.0,0.0,1.0,0
MEM,battery,0.9400000000000001,0.0,0.0,1.0,0
MEM,battery,0.96,0.0,0.0,1.0,0
MEM,battery,0.98,0.0,0.0,1.0,0
MEM,battery,1.0,0.0,0.0,1.0,0
MEM,lexmark,0.0,1.0,0.37606837606837606,0.6239316239316239,936
MEM,lexmark,0.02,1.0,0.37606837606837606,0.6239316239316239,936
MEM,lexmark,0.04,1.0,0.37606837606837606,0.6239316239316239,936
MEM,lexmark,0.06,1.0,0.37606837606837606,0.6239316239316239,936
MEM,lexmark,0.08,1.0,0.37606837606837606,0.6239316239316239,936
MEM,lexmark,0.1,1.0,0.37606837606837606,0.6239316239316239,936
MEM,lexmark,0.12,1.0,0.37606837606837606,0.6239316239316239,936
MEM,lexmark,0.14,1.0,0.37606837606837606,0.6239316239316239,936
MEM,lexmark,0.16,1.0,0.37606837606837606,0.6239316239316239,936
MEM,lexmark,0.18,1.0,0.37606837606837606,0.6239316239316239,936
MEM,lexmark,0.2,1.0,0.37606837606837606,0.6239316239316239,936
MEM,lexmark,0.22,1.0,0.37606837606837606,0.6239316239316239,936
MEM,lexmark,0.24,1.0,0.37606837606837606,0.6239316239316239,936
MEM,lexmark,0.26,1.0,0.37606837606837606,0.6239316239316239,936
MEM,lexmark,0.28,1.0,0.37606837606837606,0.6239316239316239,936
MEM,lexmark,0.3,1.0,0.37606837606837606,0.6239316239316239,936
MEM,lexmark,0.32,1.0,0.37606837606837606,0.6239316239316239,936
MEM,lexmark,0.34,1.0,0.37606837606837606,0.6239316239316239,936
MEM,lexmark,0.36,1.0,0.37606837606837606,0.6239316239316239,936
MEM,lexmark,0.38,1.0,0.37606837606837606,0.6239316239316239,936
MEM,lexmark,0.4,0.1955128205128205,0.9672131147540983,0.032786885245901676,183
MEM,lexmark,0.42,0.1891025641025641,1.0,0.0,177
MEM,lexmark,0.44,0.0,0.0,1.0,0
MEM,lexmark,0.46,0.0,0.0,1.0,0
MEM,lexmark,0.48,0.0,0.0,1.0,0
MEM,lexmark,0.5,0.0,0.0,1.0,0
MEM,lexmark,0.52,0.0,0.0,1.0,0
MEM,lexmark,0.54,0.0,0.0,1.0,0
MEM,lexmark,0.56,0.0,0.0,1.0,0
MEM,lexmark,0.58,0.0,0.0,1.0,0
MEM,lexmark,0.6,0.0,0.0,1.0,0
MEM,lexmark,0.62,0.0,0.0,1.0,0
MEM,lexmark,0.64,0.0,0.0,1.0,0
MEM,lexmark,0.66,0.0,0.0,1.0,0
MEM,lexmark,0.68,0.0,0.0,1.0,0
MEM,lexmark,0.7000000000000001,0.0,0.0,1.0,0
MEM,lexmark,0.72,0.0,0.0,1.0,0
MEM,lexmark,0.74,0.0,0.0,1.0,0
MEM,lexmark,0.76,0.0,0.0,1.0,0
MEM,lexmark,0.78,0.0,0.0,1.0,0
MEM,lexmark,0.8,0.0,0.0,1.0,0
MEM,lexmark,0.8200000000000001,0.0,0.0,1.0,0
MEM,lexmark,0.84,0.0,0.0,1.0,0
MEM,lexmark,0.86,0.0,0.0,1.0,0
MEM,lexmark,0.88,0.0,0.0,1.0,0
MEM,lexmark,0.9,0.0,0.0,1.0,0
MEM,lexmark,0.92,0.0,0.0,1.0,0
MEM,lexmark,0.9400000000000001,0.0,0.0,1.0,0
MEM,lexmark,0.96,0.0,0.0,1.0,0
MEM,lexmark,0.98,0.0,0.0,1.0,0
MEM,lexmark,1.0,0.0,0.0,1.0,0
MEM,viessmann,0.0,1.0,0.5664089950808152,0.4335910049191848,1423
MEM,viessmann,0.02,1.0,0.5664089950808152,0.4335910049191848,1423
MEM,viessmann,0.04,1.0,0.5664089950808152,0.4335910049191848,1423
MEM,viessmann,0.06,1.0,0.5664089950808152,0.4335910049191848,1423
MEM,viessmann,0.08,1.0,0.5664089950808152,0.4335910049191848,1423
MEM,viessmann,0.1,1.0,0.5664089950808152,0.4335910049191848,1423
MEM,viessmann,0.12,1.0,0.5664089950808152,0.4335910049191848,1423
MEM,viessmann,0.14,1.0,0.5664089950808152,0.4335910049191848,1423
MEM,viessmann,0.16,1.0,0.5664089950808152,0.4335910049191848,1423
MEM,viessmann,0.18,1.0,0.5664089950808152,0.4335910049191848,1423
MEM,viessmann,0.2,1.0,0.5664089950808152,0.4335910049191848,1423
MEM,viessmann,0.22,1.0,0.5664089950808152,0.4335910049191848,1423
MEM,viessmann,0.24,1.0,0.5664089950808152,0.4335910049191848,1423
MEM,viessmann,0.26,1.0,0.5664089950808152,0.4335910049191848,1423
MEM,viessmann,0.28,1.0,0.5664089950808152,0.4335910049191848,1423
MEM,viessmann,0.3,1.0,0.5664089950808152,0.4335910049191848,1423
MEM,viessmann,0.32,1.0,0.5664089950808152,0.4335910049191848,1423
MEM,viessmann,0.34,1.0,0.5664089950808152,0.4335910049191848,1423
MEM,viessmann,0.36,1.0,0.5664089950808152,0.4335910049191848,1423
MEM,viessmann,0.38,1.0,0.5664089950808152,0.4335910049191848,1423
MEM,viessmann,0.4,0.4075895994378074,0.9172413793103448,0.08275862068965523,580
MEM,viessmann,0.42,0.38861560084328883,0.9620253164556962,0.03797468354430378,553
MEM,viessmann,0.44,0.0,0.0,1.0,0
MEM,viessmann,0.46,0.0,0.0,1.0,0
MEM,viessmann,0.48,0.0,0.0,1.0,0
MEM,viessmann,0.5,0.0,0.0,1.0,0
MEM,viessmann,0.52,0.0,0.0,1.0,0
MEM,viessmann,0.54,0.0,0.0,1.0,0
MEM,viessmann,0.56,0.0,0.0,1.0,0
MEM,viessmann,0.58,0.0,0.0,1.0,0
MEM,viessmann,0.6,0.0,0.0,1.0,0
MEM,viessmann,0.62,0.0,0.0,1.0,0
MEM,viessmann,0.64,0.0,0.0,1.0,0
MEM,viessmann,0.66,0.0,0.0,1.0,0
MEM,viessmann,0.68,0.0,0.0,1.0,0
MEM,viessmann,0.7000000000000001,0.0,0.0,1.0,0
MEM,viessmann,0.72,0.0,0.0,1.0,0
MEM,viessmann,0.74,0.0,0.0,1.0,0
MEM,viessmann,0.76,0.0,0.0,1.0,0
MEM,viessmann,0.78,0.0,0.0,1.0,0
MEM,viessmann,0.8,0.0,0.0,1.0,0
MEM,viessmann,0.8200000000000001,0.0,0.0,1.0,0
MEM,viessmann,0.84,0.0,0.0,1.0,0
MEM,viessmann,0.86,0.0,0.0,1.0,0
MEM,viessmann,0.88,0.0,0.0,1.0,0
MEM,viessmann,0.9,0.0,0.0,1.0,0
MEM,viessmann,0.92,0.0,0.0,1.0,0
MEM,viessmann,0.9400000000000001,0.0,0.0,1.0,0
MEM,viessmann,0.96,0.0,0.0,1.0,0
MEM,viessmann,0.98,0.0,0.0,1.0,0
MEM,viessmann,1.0,0.0,0.0,1.0,0
MEMSYM,battery,0.0,1.0,0.594392523364486,0.405607476635514,1070
MEMSYM,battery,0.02,1.0,0.594392523364486,0.405607476635514,1070
MEMSYM,battery,0.04,1.0,0.594392523364486,0.405607476635514,1070
MEMSYM,battery,0.06,1.0,0.594392523364486,0.405607476635514,1070
MEMSYM,battery,0.08,1.0,0.594392523364486,0.405607476635514,1070
MEMSYM,battery,0.1,1.0,0.594392523364486,0.405607476635514,1070
MEMSYM,battery,0.12,1.0,0.594392523364486,0.405607476635514,1070
MEMSYM,battery,0.14,1.0,0.594392523364486,0.405607476635514,1070
MEMSYM,battery,0.16,1.0,0.594392523364486,0.405607476635514,1070
MEMSYM,battery,0.18,1.0,0.594392523364486,0.405607476635514,1070
MEMSYM,battery,0.2,1.0,0.594392523364486,0.405607476635514,1070
MEMSYM,battery,0.22,1.0,0.594392523364486,0.405607476635514,1070
MEMSYM,battery,0.24,1.0,0.594392523364486,0.405607476635514,1070
MEMSYM,battery,0.26,1.0,0.594392523364486,0.405607476635514,1070
MEMSYM,battery,0.28,1.0,0.594392523364486,0.405607476635514,1070
MEMSYM,battery,0.3,1.0,0.594392523364486,0.405607476635514,1070
MEMSYM,battery,0.32,1.0,0.594392523364486,0.405607476635514,1070
MEMSYM,battery,0.34,1.0,0.594392523364486,0.405607476635514,1070
MEMSYM,battery,0.36,1.0,0.594392523364486,0.405607476635514,1070
MEMSYM,battery,0.38,1.0,0.594392523364486,0.405607476635514,1070
MEMSYM,battery,0.4,0.3560747663551402,0.9921259842519685,0.007874015748031482,381
MEMSYM,battery,0.42,0.3532710280373832,1.0,0.0,378
MEMSYM,battery,0.44,0.07850467289719626,1.0,0.0,84
MEMSYM,battery,0.46,0.07850467289719626,1.0,0.0,84
MEMSYM,battery,0.48,0.07850467289719626,1.0,0.0,84
MEMSYM,battery,0.5,0.07850467289719626,1.0,0.0,84
MEMSYM,battery,0.52,0.07850467289719626,1.0,0.0,84
MEMSYM,battery,0.54,0.07850467289719626,1.0,0.0,84
MEMSYM,battery,0.56,0.07850467289719626,1.0,0.0,84
MEMSYM,battery,0.58,0.07850467289719626,1.0,0.0,84
MEMSYM,battery,0.6,0.07850467289719626,1.0,0.0,84
MEMSYM,battery,0.62,0.07850467289719626,1.0,0.0,84
MEMSYM,battery,0.64,0.07850467289719626,1.0,0.0,84
MEMSYM,battery,0.66,0.07850467289719626,1.0,0.0,84
MEMSYM,battery,0.68,0.07850467289719626,1.0,0.0,84
MEMSYM,battery,0.7000000000000001,0.07850467289719626,1.0,0.0,84
MEMSYM,battery,0.72,0.07850467289719626,1.0,0.0,84
MEMSYM,battery,0.74,0.07850467289719626,1.0,0.0,84
MEMSYM,battery,0.76,0.07850467289719626,1.0,0.0,84
MEMSYM,battery,0.78,0.07850467289719626,1.0,0.0,84
MEMSYM,battery,0.8,0.07850467289719626,1.0,0.0,84
MEMSYM,battery,0.8200000000000001,0.07850467289719626,1.0,0.0,84
MEMSYM,battery,0.84,0.07850467289719626,1.0,0.0,84
MEMSYM,battery,0.86,0.07850467289719626,1.0,0.0,84
MEMSYM,battery,0.88,0.07850467289719626,1.0,0.0,84
MEMSYM,battery,0.9,0.07850467289719626,1.0,0.0,84
MEMSYM,battery,0.92,0.010280373831775701,1.0,0.0,11
MEMSYM,battery,0.9400000000000001,0.002803738317757009,1.0,0.0,3
MEMSYM,battery,0.96,0.0,0.0,1.0,0
MEMSYM,battery,0.98,0.0,0.0,1.0,0
MEMSYM,battery,1.0,0.0,0.0,1.0,0
MEMSYM,lexmark,0.0,1.0,0.46153846153846156,0.5384615384615384,936
MEMSYM,lexmark,0.02,1.0,0.46153846153846156,0.5384615384615384,936
MEMSYM,lexmark,0.04,1.0,0.46153846153846156,0.5384615384615384,936
MEMSYM,lexmark,0.06,1.0,0.46153846153846156,0.5384615384615384,936
MEMSYM,lexmark,0.08,1.0,0.46153846153846156,0.5384615384615384,936
MEMSYM,lexmark,0.1,1.0,0.46153846153846156,0.5384615384615384,936
MEMSYM,lexmark,0.12,1.0,0.46153846153846156,0.5384615384615384,936
MEMSYM,lexmark,0.14,1.0,0.46153846153846156,0.5384615384615384,936
MEMSYM,lexmark,0.16,1.0,0.46153846153846156,0.5384615384615384,936
MEMSYM,lexmark,0.18,1.0,0.46153846153846156,0.5384615384615384,936
MEMSYM,lexmark,0.2,1.0,0.46153846153846156,0.5384615384615384,936
MEMSYM,lexmark,0.22,1.0,0.46153846153846156,0.5384615384615384,936
MEMSYM,lexmark,0.24,1.0,0.46153846153846156,0.5384615384615384,936
MEMSYM,lexmark,0.26,1.0,0.46153846153846156,0.5384615384615384,936
MEMSYM,lexmark,0.28,1.0,0.46153846153846156,0.5384615384615384,936
MEMSYM,lexmark,0.3,1.0,0.46153846153846156,0.5384615384615384,936
MEMSYM,lexmark,0.32,1.0,0.46153846153846156,0.5384615384615384,936
MEMSYM,lexmark,0.34,1.0,0.46153846153846156,0.5384615384615384,936
MEMSYM,lexmark,0.36,1.0,0.46153846153846156,0.5384615384615384,936
MEMSYM,lexmark,0.38,1.0,0.46153846153846156,0.5384615384615384,936
MEMSYM,lexmark,0.4,0.2777777777777778,0.9961538461538462,0.0038461538461538325,260
MEMSYM,lexmark,0.42,0.2767094017094017,1.0,0.0,259
MEMSYM,lexmark,0.44,0.0876068376068376,1.0,0.0,82
MEMSYM,lexmark,0.46,0.0876068376068376,1.0,0.0,82
MEMSYM,lexmark,0.48,0.0876068376068376,1.0,0.0,82
MEMSYM,lexmark,0.5,0.0876068376068376,1.0,0.0,82
MEMSYM,lexmark,0.52,0.0876068376068376,1.0,0.0,82
MEMSYM,lexmark,0.54,0.0876068376068376,1.0,0.0,82
MEMSYM,lexmark,0.56,0.0876068376068376,1.0,0.0,82
MEMSYM,lexmark,0.58,0.0876068376068376,1.0,0.0,82
MEMSYM,lexmark,0.6,0.0876068376068376,1.0,0.0,82
MEMSYM,lexmark,0.62,0.0876068376068376,1.0,0.0,82
MEMSYM,lexmark,0.64,0.0876068376068376,1.0,0.0,82
MEMSYM,lexmark,0.66,0.0876068376068376,1.0,0.0,82
MEMSYM,lexmark,0.68,0.0876068376068376,1.0,0.0,82
MEMSYM,lexmark,0.7000000000000001,0.0876068376068376,1.0,0.0,82
MEMSYM,lexmark,0.72,0.0876068376068376,1.0,0.0,82
MEMSYM,lexmark,0.74,0.0876068376068376,1.0,0.0,82
MEMSYM,lexmark,0.76,0.0876068376068376,1.0,0.0,82
MEMSYM,lexmark,0.78,0.0876068376068376,1.0,0.0,82
MEMSYM,lexmark,0.8,0.0876068376068376,1.0,0.0,82
MEMSYM,lexmark,0.8200000000000001,0.0876068376068376,1.0,0.0,82
MEMSYM,lexmark,0.84,0.0876068376068376,1.0,0.0,82
MEMSYM,lexmark,0.86,0.0876068376068376,1.0,0.0,82
MEMSYM,lexmark,0.88,0.0876068376068376,1.0,0.0,82
MEMSYM,lexmark,0.9,0.0876068376068376,1.0,0.0,82
MEMSYM,lexmark,0.92,0.005341880341880342,1.0,0.0,5
MEMSYM,lexmark,0.9400000000000001,0.002136752136752137,1.0,0.0,2
MEMSYM,lexmark,0.96,0.0,0.0,1.0,0
MEMSYM,lexmark,0.98,0.0,0.0,1.0,0
MEMSYM,lexmark,1.0,0.0,0.0,1.0,0
MEMSYM,viessmann,0.0,1.0,0.6416022487702038,0.3583977512297962,1423
MEMSYM,viessmann,0.02,1.0,0.6416022487702038,0.3583977512297962,1423
MEMSYM,viessmann,0.04,1.0,0.6416022487702038,0.3583977512297962,1423
MEMSYM,viessmann,0.06,1.0,0.6416022487702038,0.3583977512297962,1423
MEMSYM,viessmann,0.08,1.0,0.6416022487702038,0.3583977512297962,1423
MEMSYM,viessmann,0.1,1.0,0.6416022487702038,0.3583977512297962,1423
MEMSYM,viessmann,0.12,1.0,0.6416022487702038,0.3583977512297962,1423
MEMSYM,viessmann,0.14,1.0,0.6416022487702038,0.3583977512297962,1423
MEMSYM,viessmann,0.16,1.0,0.6416022487702038,0.3583977512297962,1423
MEMSYM,viessmann,0.18,1.0,0.6416022487702038,0.3583977512297962,1423
MEMSYM,viessmann,0.2,1.0,0.6416022487702038,0.3583977512297962,1423
MEMSYM,viessmann,0.22,1.0,0.6416022487702038,0.3583977512297962,1423
MEMSYM,viessmann,0.24,1.0,0.6416022487702038,0.3583977512297962,1423
MEMSYM,viessmann,0.26,1.0,0.6416022487702038,0.3583977512297962,1423
MEMSYM,viessmann,0.28,1.0,0.6416022487702038,0.3583977512297962,1423
MEMSYM,viessmann,0.3,1.0,0.6416022487702038,0.3583977512297962,1423
MEMSYM,viessmann,0.32,1.0,0.6416022487702038,0.3583977512297962,1423
MEMSYM,viessmann,0.34,1.0,0.6416022487702038,0.3583977512297962,1423
MEMSYM,viessmann,0.36,1.0,0.6416022487702038,0.3583977512297962,1423
MEMSYM,viessmann,0.38,1.0,0.6416022487702038,0.3583977512297962,1423
MEMSYM,viessmann,0.4,0.4617006324666198,0.9726027397260274,0.0273972602739726,657
MEMSYM,viessmann,0.42,0.4617006324666198,0.9726027397260274,0.0273972602739726,657
MEMSYM,viessmann,0.44,0.07519325368938862,1.0,0.0,107
MEMSYM,viessmann,0.46,0.07519325368938862,1.0,0.0,107
MEMSYM,viessmann,0.48,0.07519325368938862,1.0,0.0,107
MEMSYM,viessmann,0.5,0.07519325368938862,1.0,0.0,107
MEMSYM,viessmann,0.52,0.07519325368938862,1.0,0.0,107
MEMSYM,viessmann,0.54,0.07519325368938862,1.0,0.0,107
MEMSYM,viessmann,0.56,0.07519325368938862,1.0,0.0,107
MEMSYM,viessmann,0.58,0.07519325368938862,1.0,0.0,107
MEMSYM,viessmann,0.6,0.07519325368938862,1.0,0.0,107
MEMSYM,viessmann,0.62,0.07519325368938862,1.0,0.0,107
MEMSYM,viessmann,0.64,0.07519325368938862,1.0,0.0,107
MEMSYM,viessmann,0.66,0.07519325368938862,1.0,0.0,107
MEMSYM,viessmann,0.68,0.07519325368938862,1.0,0.0,107
MEMSYM,viessmann,0.7000000000000001,0.07519325368938862,1.0,0.0,107
MEMSYM,viessmann,0.72,0.07519325368938862,1.0,0.0,107
MEMSYM,viessmann,0.74,0.07519325368938862,1.0,0.0,107
MEMSYM,viessmann,0.76,0.07519325368938862,1.0,0.0,107
MEMSYM,viessmann,0.78,0.07519325368938862,1.0,0.0,107
MEMSYM,viessmann,0.8,0.07519325368938862,1.0,0.0,107
MEMSYM,viessmann,0.8200000000000001,0.07519325368938862,1.0,0.0,107
MEMSYM,viessmann,0.84,0.07519325368938862,1.0,0.0,107
MEMSYM,viessmann,0.86,0.07519325368938862,1.0,0.0,107
MEMSYM,viessmann,0.88,0.07519325368938862,1.0,0.0,107
MEMSYM,viessmann,0.9,0.07519325368938862,1.0,0.0,107
MEMSYM,viessmann,0.92,0.02108222066057625,1.0,0.0,30
MEMSYM,viessmann,0.9400000000000001,0.0021082220660576245,1.0,0.0,3
MEMSYM,viessmann,0.96,0.0007027406886858749,1.0,0.0,1
MEMSYM,viessmann,0.98,0.0,0.0,1.0,0
MEMSYM,viessmann,1.0,0.0,0.0,1.0,0
RAG_BASE,battery,0.0,1.0,0.9009345794392524,0.09906542056074763,1070
RAG_BASE,battery,0.02,1.0,0.9009345794392524,0.09906542056074763,1070
RAG_BASE,battery,0.04,1.0,0.9009345794392524,0.09906542056074763,1070
RAG_BASE,battery,0.06,1.0,0.9009345794392524,0.09906542056074763,1070
RAG_BASE,battery,0.08,1.0,0.9009345794392524,0.09906542056074763,1070
RAG_BASE,battery,0.1,1.0,0.9009345794392524,0.09906542056074763,1070
RAG_BASE,battery,0.12,1.0,0.9009345794392524,0.09906542056074763,1070
RAG_BASE,battery,0.14,1.0,0.9009345794392524,0.09906542056074763,1070
RAG_BASE,battery,0.16,1.0,0.9009345794392524,0.09906542056074763,1070
RAG_BASE,battery,0.18,1.0,0.9009345794392524,0.09906542056074763,1070
RAG_BASE,battery,0.2,1.0,0.9009345794392524,0.09906542056074763,1070
RAG_BASE,battery,0.22,1.0,0.9009345794392524,0.09906542056074763,1070
RAG_BASE,battery,0.24,1.0,0.9009345794392524,0.09906542056074763,1070
RAG_BASE,battery,0.26,1.0,0.9009345794392524,0.09906542056074763,1070
RAG_BASE,battery,0.28,1.0,0.9009345794392524,0.09906542056074763,1070
RAG_BASE,battery,0.3,1.0,0.9009345794392524,0.09906542056074763,1070
RAG_BASE,battery,0.32,1.0,0.9009345794392524,0.09906542056074763,1070
RAG_BASE,battery,0.34,1.0,0.9009345794392524,0.09906542056074763,1070
RAG_BASE,battery,0.36,1.0,0.9009345794392524,0.09906542056074763,1070
RAG_BASE,battery,0.38,1.0,0.9009345794392524,0.09906542056074763,1070
RAG_BASE,battery,0.4,1.0,0.9009345794392524,0.09906542056074763,1070
RAG_BASE,battery,0.42,0.0,0.0,1.0,0
RAG_BASE,battery,0.44,0.0,0.0,1.0,0
RAG_BASE,battery,0.46,0.0,0.0,1.0,0
RAG_BASE,battery,0.48,0.0,0.0,1.0,0
RAG_BASE,battery,0.5,0.0,0.0,1.0,0
RAG_BASE,battery,0.52,0.0,0.0,1.0,0
RAG_BASE,battery,0.54,0.0,0.0,1.0,0
RAG_BASE,battery,0.56,0.0,0.0,1.0,0
RAG_BASE,battery,0.58,0.0,0.0,1.0,0
RAG_BASE,battery,0.6,0.0,0.0,1.0,0
RAG_BASE,battery,0.62,0.0,0.0,1.0,0
RAG_BASE,battery,0.64,0.0,0.0,1.0,0
RAG_BASE,battery,0.66,0.0,0.0,1.0,0
RAG_BASE,battery,0.68,0.0,0.0,1.0,0
RAG_BASE,battery,0.7000000000000001,0.0,0.0,1.0,0
RAG_BASE,battery,0.72,0.0,0.0,1.0,0
RAG_BASE,battery,0.74,0.0,0.0,1.0,0
RAG_BASE,battery,0.76,0.0,0.0,1.0,0
RAG_BASE,battery,0.78,0.0,0.0,1.0,0
RAG_BASE,battery,0.8,0.0,0.0,1.0,0
RAG_BASE,battery,0.8200000000000001,0.0,0.0,1.0,0
RAG_BASE,battery,0.84,0.0,0.0,1.0,0
RAG_BASE,battery,0.86,0.0,0.0,1.0,0
RAG_BASE,battery,0.88,0.0,0.0,1.0,0
RAG_BASE,battery,0.9,0.0,0.0,1.0,0
RAG_BASE,battery,0.92,0.0,0.0,1.0,0
RAG_BASE,battery,0.9400000000000001,0.0,0.0,1.0,0
RAG_BASE,battery,0.96,0.0,0.0,1.0,0
RAG_BASE,battery,0.98,0.0,0.0,1.0,0
RAG_BASE,battery,1.0,0.0,0.0,1.0,0
RAG_BASE,lexmark,0.0,1.0,0.9027777777777778,0.09722222222222221,936
RAG_BASE,lexmark,0.02,1.0,0.9027777777777778,0.09722222222222221,936
RAG_BASE,lexmark,0.04,1.0,0.9027777777777778,0.09722222222222221,936
RAG_BASE,lexmark,0.06,1.0,0.9027777777777778,0.09722222222222221,936
RAG_BASE,lexmark,0.08,1.0,0.9027777777777778,0.09722222222222221,936
RAG_BASE,lexmark,0.1,1.0,0.9027777777777778,0.09722222222222221,936
RAG_BASE,lexmark,0.12,1.0,0.9027777777777778,0.09722222222222221,936
RAG_BASE,lexmark,0.14,1.0,0.9027777777777778,0.09722222222222221,936
RAG_BASE,lexmark,0.16,1.0,0.9027777777777778,0.09722222222222221,936
RAG_BASE,lexmark,0.18,1.0,0.9027777777777778,0.09722222222222221,936
RAG_BASE,lexmark,0.2,1.0,0.9027777777777778,0.09722222222222221,936
RAG_BASE,lexmark,0.22,1.0,0.9027777777777778,0.09722222222222221,936
RAG_BASE,lexmark,0.24,1.0,0.9027777777777778,0.09722222222222221,936
RAG_BASE,lexmark,0.26,1.0,0.9027777777777778,0.09722222222222221,936
RAG_BASE,lexmark,0.28,1.0,0.9027777777777778,0.09722222222222221,936
RAG_BASE,lexmark,0.3,1.0,0.9027777777777778,0.09722222222222221,936
RAG_BASE,lexmark,0.32,1.0,0.9027777777777778,0.09722222222222221,936
RAG_BASE,lexmark,0.34,1.0,0.9027777777777778,0.09722222222222221,936
RAG_BASE,lexmark,0.36,1.0,0.9027777777777778,0.09722222222222221,936
RAG_BASE,lexmark,0.38,1.0,0.9027777777777778,0.09722222222222221,936
RAG_BASE,lexmark,0.4,1.0,0.9027777777777778,0.09722222222222221,936
RAG_BASE,lexmark,0.42,0.0,0.0,1.0,0
RAG_BASE,lexmark,0.44,0.0,0.0,1.0,0
RAG_BASE,lexmark,0.46,0.0,0.0,1.0,0
RAG_BASE,lexmark,0.48,0.0,0.0,1.0,0
RAG_BASE,lexmark,0.5,0.0,0.0,1.0,0
RAG_BASE,lexmark,0.52,0.0,0.0,1.0,0
RAG_BASE,lexmark,0.54,0.0,0.0,1.0,0
RAG_BASE,lexmark,0.56,0.0,0.0,1.0,0
RAG_BASE,lexmark,0.58,0.0,0.0,1.0,0
RAG_BASE,lexmark,0.6,0.0,0.0,1.0,0
RAG_BASE,lexmark,0.62,0.0,0.0,1.0,0
RAG_BASE,lexmark,0.64,0.0,0.0,1.0,0
RAG_BASE,lexmark,0.66,0.0,0.0,1.0,0
RAG_BASE,lexmark,0.68,0.0,0.0,1.0,0
RAG_BASE,lexmark,0.7000000000000001,0.0,0.0,1.0,0
RAG_BASE,lexmark,0.72,0.0,0.0,1.0,0
RAG_BASE,lexmark,0.74,0.0,0.0,1.0,0
RAG_BASE,lexmark,0.76,0.0,0.0,1.0,0
RAG_BASE,lexmark,0.78,0.0,0.0,1.0,0
RAG_BASE,lexmark,0.8,0.0,0.0,1.0,0
RAG_BASE,lexmark,0.8200000000000001,0.0,0.0,1.0,0
RAG_BASE,lexmark,0.84,0.0,0.0,1.0,0
RAG_BASE,lexmark,0.86,0.0,0.0,1.0,0
RAG_BASE,lexmark,0.88,0.0,0.0,1.0,0
RAG_BASE,lexmark,0.9,0.0,0.0,1.0,0
RAG_BASE,lexmark,0.92,0.0,0.0,1.0,0
RAG_BASE,lexmark,0.9400000000000001,0.0,0.0,1.0,0
RAG_BASE,lexmark,0.96,0.0,0.0,1.0,0
RAG_BASE,lexmark,0.98,0.0,0.0,1.0,0
RAG_BASE,lexmark,1.0,0.0,0.0,1.0,0
RAG_BASE,viessmann,0.0,1.0,0.8910751932536893,0.10892480674631067,1423
RAG_BASE,viessmann,0.02,1.0,0.8910751932536893,0.10892480674631067,1423
RAG_BASE,viessmann,0.04,1.0,0.8910751932536893,0.10892480674631067,1423
RAG_BASE,viessmann,0.06,1.0,0.8910751932536893,0.10892480674631067,1423
RAG_BASE,viessmann,0.08,1.0,0.8910751932536893,0.10892480674631067,1423
RAG_BASE,viessmann,0.1,1.0,0.8910751932536893,0.10892480674631067,1423
RAG_BASE,viessmann,0.12,1.0,0.8910751932536893,0.10892480674631067,1423
RAG_BASE,viessmann,0.14,1.0,0.8910751932536893,0.10892480674631067,1423
RAG_BASE,viessmann,0.16,1.0,0.8910751932536893,0.10892480674631067,1423
RAG_BASE,viessmann,0.18,1.0,0.8910751932536893,0.10892480674631067,1423
RAG_BASE,viessmann,0.2,1.0,0.8910751932536893,0.10892480674631067,1423
RAG_BASE,viessmann,0.22,1.0,0.8910751932536893,0.10892480674631067,1423
RAG_BASE,viessmann,0.24,1.0,0.8910751932536893,0.10892480674631067,1423
RAG_BASE,viessmann,0.26,1.0,0.8910751932536893,0.10892480674631067,1423
RAG_BASE,viessmann,0.28,1.0,0.8910751932536893,0.10892480674631067,1423
RAG_BASE,viessmann,0.3,1.0,0.8910751932536893,0.10892480674631067,1423
RAG_BASE,viessmann,0.32,1.0,0.8910751932536893,0.10892480674631067,1423
RAG_BASE,viessmann,0.34,1.0,0.8910751932536893,0.10892480674631067,1423
RAG_BASE,viessmann,0.36,1.0,0.8910751932536893,0.10892480674631067,1423
RAG_BASE,viessmann,0.38,1.0,0.8910751932536893,0.10892480674631067,1423
RAG_BASE,viessmann,0.4,1.0,0.8910751932536893,0.10892480674631067,1423
RAG_BASE,viessmann,0.42,0.0,0.0,1.0,0
RAG_BASE,viessmann,0.44,0.0,0.0,1.0,0
RAG_BASE,viessmann,0.46,0.0,0.0,1.0,0
RAG_BASE,viessmann,0.48,0.0,0.0,1.0,0
RAG_BASE,viessmann,0.5,0.0,0.0,1.0,0
RAG_BASE,viessmann,0.52,0.0,0.0,1.0,0
RAG_BASE,viessmann,0.54,0.0,0.0,1.0,0
RAG_BASE,viessmann,0.56,0.0,0.0,1.0,0
RAG_BASE,viessmann,0.58,0.0,0.0,1.0,0
RAG_BASE,viessmann,0.6,0.0,0.0,1.0,0
RAG_BASE,viessmann,0.62,0.0,0.0,1.0,0
RAG_BASE,viessmann,0.64,0.0,0.0,1.0,0
RAG_BASE,viessmann,0.66,0.0,0.0,1.0,0
RAG_BASE,viessmann,0.68,0.0,0.0,1.0,0
RAG_BASE,viessmann,0.7000000000000001,0.0,0.0,1.0,0
RAG_BASE,viessmann,0.72,0.0,0.0,1.0,0
RAG_BASE,viessmann,0.74,0.0,0.0,1.0,0
RAG_BASE,viessmann,0.76,0.0,0.0,1.0,0
RAG_BASE,viessmann,0.78,0.0,0.0,1.0,0
RAG_BASE,viessmann,0.8,0.0,0.0,1.0,0
RAG_BASE,viessmann,0.8200000000000001,0.0,0.0,1.0,0
RAG_BASE,viessmann,0.84,0.0,0.0,1.0,0
RAG_BASE,viessmann,0.86,0.0,0.0,1.0,0
RAG_BASE,viessmann,0.88,0.0,0.0,1.0,0
RAG_BASE,viessmann,0.9,0.0,0.0,1.0,0
RAG_BASE,viessmann,0.92,0.0,0.0,1.0,0
RAG_BASE,viessmann,0.9400000000000001,0.0,0.0,1.0,0
RAG_BASE,viessmann,0.96,0.0,0.0,1.0,0
RAG_BASE,viessmann,0.98,0.0,0.0,1.0,0
RAG_BASE,viessmann,1.0,0.0,0.0,1.0,0
RL,battery,0.0,1.0,0.8990654205607477,0.10093457943925233,1070
RL,battery,0.02,1.0,0.8990654205607477,0.10093457943925233,1070
RL,battery,0.04,1.0,0.8990654205607477,0.10093457943925233,1070
RL,battery,0.06,1.0,0.8990654205607477,0.10093457943925233,1070
RL,battery,0.08,1.0,0.8990654205607477,0.10093457943925233,1070
RL,battery,0.1,1.0,0.8990654205607477,0.10093457943925233,1070
RL,battery,0.12,1.0,0.8990654205607477,0.10093457943925233,1070
RL,battery,0.14,1.0,0.8990654205607477,0.10093457943925233,1070
RL,battery,0.16,1.0,0.8990654205607477,0.10093457943925233,1070
RL,battery,0.18,1.0,0.8990654205607477,0.10093457943925233,1070
RL,battery,0.2,1.0,0.8990654205607477,0.10093457943925233,1070
RL,battery,0.22,1.0,0.8990654205607477,0.10093457943925233,1070
RL,battery,0.24,1.0,0.8990654205607477,0.10093457943925233,1070
RL,battery,0.26,1.0,0.8990654205607477,0.10093457943925233,1070
RL,battery,0.28,1.0,0.8990654205607477,0.10093457943925233,1070
RL,battery,0.3,1.0,0.8990654205607477,0.10093457943925233,1070
RL,battery,0.32,1.0,0.8990654205607477,0.10093457943925233,1070
RL,battery,0.34,1.0,0.8990654205607477,0.10093457943925233,1070
RL,battery,0.36,1.0,0.8990654205607477,0.10093457943925233,1070
RL,battery,0.38,1.0,0.8990654205607477,0.10093457943925233,1070
RL,battery,0.4,1.0,0.8990654205607477,0.10093457943925233,1070
RL,battery,0.42,0.991588785046729,0.8982092365692743,0.10179076343072568,1061
RL,battery,0.44,0.9775700934579439,0.8967495219885278,0.10325047801147225,1046
RL,battery,0.46,0.905607476635514,0.8885448916408669,0.11145510835913308,969
RL,battery,0.48,0.7383177570093458,0.8632911392405064,0.13670886075949362,790
RL,battery,0.5,0.6672897196261682,0.8515406162464986,0.14845938375350143,714
RL,battery,0.52,0.6373831775700934,0.844574780058651,0.15542521994134895,682
RL,battery,0.54,0.6102803738317757,0.8392036753445635,0.16079632465543647,653
RL,battery,0.56,0.5738317757009346,0.8306188925081434,0.16938110749185664,614
RL,battery,0.58,0.5373831775700935,0.8208695652173913,0.1791304347826087,575
RL,battery,0.6,0.5233644859813084,0.8160714285714286,0.18392857142857144,560
RL,battery,0.62,0.5037383177570094,0.8089053803339518,0.19109461966604824,539
RL,battery,0.64,0.4850467289719626,0.8015414258188824,0.19845857418111756,519
RL,battery,0.66,0.48317757009345796,0.8007736943907157,0.19922630560928434,517
RL,battery,0.68,0.48317757009345796,0.8007736943907157,0.19922630560928434,517
RL,battery,0.7000000000000001,0.48317757009345796,0.8007736943907157,0.19922630560928434,517
RL,battery,0.72,0.48317757009345796,0.8007736943907157,0.19922630560928434,517
RL,battery,0.74,0.48317757009345796,0.8007736943907157,0.19922630560928434,517
RL,battery,0.76,0.48317757009345796,0.8007736943907157,0.19922630560928434,517
RL,battery,0.78,0.48317757009345796,0.8007736943907157,0.19922630560928434,517
RL,battery,0.8,0.48317757009345796,0.8007736943907157,0.19922630560928434,517
RL,battery,0.8200000000000001,0.07850467289719626,0.011904761904761904,0.9880952380952381,84
RL,battery,0.84,0.07850467289719626,0.011904761904761904,0.9880952380952381,84
RL,battery,0.86,0.07850467289719626,0.011904761904761904,0.9880952380952381,84
RL,battery,0.88,0.07850467289719626,0.011904761904761904,0.9880952380952381,84
RL,battery,0.9,0.07850467289719626,0.011904761904761904,0.9880952380952381,84
RL,battery,0.92,0.07850467289719626,0.011904761904761904,0.9880952380952381,84
RL,battery,0.9400000000000001,0.07850467289719626,0.011904761904761904,0.9880952380952381,84
RL,battery,0.96,0.0,0.0,1.0,0
RL,battery,0.98,0.0,0.0,1.0,0
RL,battery,1.0,0.0,0.0,1.0,0
RL,lexmark,0.0,1.0,0.9017094017094017,0.09829059829059827,936
RL,lexmark,0.02,1.0,0.9017094017094017,0.09829059829059827,936
RL,lexmark,0.04,1.0,0.9017094017094017,0.09829059829059827,936
RL,lexmark,0.06,1.0,0.9017094017094017,0.09829059829059827,936
RL,lexmark,0.08,1.0,0.9017094017094017,0.09829059829059827,936
RL,lexmark,0.1,1.0,0.9017094017094017,0.09829059829059827,936
RL,lexmark,0.12,1.0,0.9017094017094017,0.09829059829059827,936
RL,lexmark,0.14,1.0,0.9017094017094017,0.09829059829059827,936
RL,lexmark,0.16,1.0,0.9017094017094017,0.09829059829059827,936
RL,lexmark,0.18,1.0,0.9017094017094017,0.09829059829059827,936
RL,lexmark,0.2,1.0,0.9017094017094017,0.09829059829059827,936
RL,lexmark,0.22,1.0,0.9017094017094017,0.09829059829059827,936
RL,lexmark,0.24,1.0,0.9017094017094017,0.09829059829059827,936
RL,lexmark,0.26,1.0,0.9017094017094017,0.09829059829059827,936
RL,lexmark,0.28,1.0,0.9017094017094017,0.09829059829059827,936
RL,lexmark,0.3,1.0,0.9017094017094017,0.09829059829059827,936
RL,lexmark,0.32,1.0,0.9017094017094017,0.09829059829059827,936
RL,lexmark,0.34,1.0,0.9017094017094017,0.09829059829059827,936
RL,lexmark,0.36,1.0,0.9017094017094017,0.09829059829059827,936
RL,lexmark,0.38,1.0,0.9017094017094017,0.09829059829059827,936
RL,lexmark,0.4,1.0,0.9017094017094017,0.09829059829059827,936
RL,lexmark,0.42,1.0,0.9017094017094017,0.09829059829059827,936
RL,lexmark,0.44,1.0,0.9017094017094017,0.09829059829059827,936
RL,lexmark,0.46,0.9818376068376068,0.8998911860718172,0.10010881392818283,919
RL,lexmark,0.48,0.9572649572649573,0.8995535714285714,0.1004464285714286,896
RL,lexmark,0.5,0.9220085470085471,0.895712630359212,0.104287369640788,863
RL,lexmark,0.52,0.8814102564102564,0.8909090909090909,0.10909090909090913,825
RL,lexmark,0.54,0.8397435897435898,0.8854961832061069,0.1145038167938931,786
RL,lexmark,0.56,0.8076923076923077,0.8809523809523809,0.11904761904761907,756
RL,lexmark,0.58,0.8002136752136753,0.8798397863818425,0.12016021361815754,749
RL,lexmark,0.6,0.8002136752136753,0.8798397863818425,0.12016021361815754,749
RL,lexmark,0.62,0.7991452991452992,0.8796791443850267,0.1203208556149733,748
RL,lexmark,0.64,0.7991452991452992,0.8796791443850267,0.1203208556149733,748
RL,lexmark,0.66,0.7991452991452992,0.8796791443850267,0.1203208556149733,748
RL,lexmark,0.68,0.7991452991452992,0.8796791443850267,0.1203208556149733,748
RL,lexmark,0.7000000000000001,0.7991452991452992,0.8796791443850267,0.1203208556149733,748
RL,lexmark,0.72,0.7991452991452992,0.8796791443850267,0.1203208556149733,748
RL,lexmark,0.74,0.7991452991452992,0.8796791443850267,0.1203208556149733,748
RL,lexmark,0.76,0.7991452991452992,0.8796791443850267,0.1203208556149733,748
RL,lexmark,0.78,0.7991452991452992,0.8796791443850267,0.1203208556149733,748
RL,lexmark,0.8,0.7991452991452992,0.8796791443850267,0.1203208556149733,748
RL,lexmark,0.8200000000000001,0.0876068376068376,0.024390243902439025,0.975609756097561,82
RL,lexmark,0.84,0.0876068376068376,0.024390243902439025,0.975609756097561,82
RL,lexmark,0.86,0.0876068376068376,0.024390243902439025,0.975609756097561,82
RL,lexmark,0.88,0.0876068376068376,0.024390243902439025,0.975609756097561,82
RL,lexmark,0.9,0.0876068376068376,0.024390243902439025,0.975609756097561,82
RL,lexmark,0.92,0.0876068376068376,0.024390243902439025,0.975609756097561,82
RL,lexmark,0.9400000000000001,0.0876068376068376,0.024390243902439025,0.975609756097561,82
RL,lexmark,0.96,0.0,0.0,1.0,0
RL,lexmark,0.98,0.0,0.0,1.0,0
RL,lexmark,1.0,0.0,0.0,1.0,0
RL,viessmann,0.0,1.0,0.8910751932536893,0.10892480674631067,1423
RL,viessmann,0.02,1.0,0.8910751932536893,0.10892480674631067,1423
RL,viessmann,0.04,1.0,0.8910751932536893,0.10892480674631067,1423
RL,viessmann,0.06,1.0,0.8910751932536893,0.10892480674631067,1423
RL,viessmann,0.08,1.0,0.8910751932536893,0.10892480674631067,1423
RL,viessmann,0.1,1.0,0.8910751932536893,0.10892480674631067,1423
RL,viessmann,0.12,1.0,0.8910751932536893,0.10892480674631067,1423
RL,viessmann,0.14,1.0,0.8910751932536893,0.10892480674631067,1423
RL,viessmann,0.16,1.0,0.8910751932536893,0.10892480674631067,1423
RL,viessmann,0.18,1.0,0.8910751932536893,0.10892480674631067,1423
RL,viessmann,0.2,1.0,0.8910751932536893,0.10892480674631067,1423
RL,viessmann,0.22,1.0,0.8910751932536893,0.10892480674631067,1423
RL,viessmann,0.24,1.0,0.8910751932536893,0.10892480674631067,1423
RL,viessmann,0.26,1.0,0.8910751932536893,0.10892480674631067,1423
RL,viessmann,0.28,1.0,0.8910751932536893,0.10892480674631067,1423
RL,viessmann,0.3,1.0,0.8910751932536893,0.10892480674631067,1423
RL,viessmann,0.32,1.0,0.8910751932536893,0.10892480674631067,1423
RL,viessmann,0.34,1.0,0.8910751932536893,0.10892480674631067,1423
RL,viessmann,0.36,1.0,0.8910751932536893,0.10892480674631067,1423
RL,viessmann,0.38,1.0,0.8910751932536893,0.10892480674631067,1423
RL,viessmann,0.4,1.0,0.8910751932536893,0.10892480674631067,1423
RL,viessmann,0.42,1.0,0.8910751932536893,0.10892480674631067,1423
RL,viessmann,0.44,0.9971890372452565,0.8921775898520085,0.10782241014799154,1419
RL,viessmann,0.46,0.9838369641602249,0.8957142857142857,0.10428571428571431,1400
RL,viessmann,0.48,0.9226985242445538,0.9017517136329017,0.09824828636709826,1313
RL,viessmann,0.5,0.8446943078004217,0.8926788685524126,0.10732113144758737,1202
RL,viessmann,0.52,0.7709065354884048,0.8824065633546034,0.11759343664539657,1097
RL,viessmann,0.54,0.7153900210822206,0.8732809430255403,0.12671905697445973,1018
RL,viessmann,0.56,0.6612789880534083,0.8629117959617428,0.13708820403825717,941
RL,viessmann,0.58,0.5987350667603655,0.8485915492957746,0.15140845070422537,852
RL,viessmann,0.6,0.5544624033731553,0.8365019011406845,0.16349809885931554,789
RL,viessmann,0.62,0.5432185523541813,0.833117723156533,0.16688227684346701,773
RL,viessmann,0.64,0.5411103302881237,0.8324675324675325,0.16753246753246753,770
RL,viessmann,0.66,0.5404075895994378,0.8322496749024707,0.1677503250975293,769
RL,viessmann,0.68,0.5404075895994378,0.8322496749024707,0.1677503250975293,769
RL,viessmann,0.7000000000000001,0.5404075895994378,0.8322496749024707,0.1677503250975293,769
RL,viessmann,0.72,0.5404075895994378,0.8322496749024707,0.1677503250975293,769
RL,viessmann,0.74,0.5404075895994378,0.8322496749024707,0.1677503250975293,769
RL,viessmann,0.76,0.5404075895994378,0.8322496749024707,0.1677503250975293,769
RL,viessmann,0.78,0.5404075895994378,0.8322496749024707,0.1677503250975293,769
RL,viessmann,0.8,0.5404075895994378,0.8322496749024707,0.1677503250975293,769
RL,viessmann,0.8200000000000001,0.07519325368938862,0.009345794392523364,0.9906542056074766,107
RL,viessmann,0.84,0.07519325368938862,0.009345794392523364,0.9906542056074766,107
RL,viessmann,0.86,0.07519325368938862,0.009345794392523364,0.9906542056074766,107
RL,viessmann,0.88,0.07519325368938862,0.009345794392523364,0.9906542056074766,107
RL,viessmann,0.9,0.07519325368938862,0.009345794392523364,0.9906542056074766,107
RL,viessmann,0.92,0.07519325368938862,0.009345794392523364,0.9906542056074766,107
RL,viessmann,0.9400000000000001,0.07519325368938862,0.009345794392523364,0.9906542056074766,107
RL,viessmann,0.96,0.0,0.0,1.0,0
RL,viessmann,0.98,0.0,0.0,1.0,0
RL,viessmann,1.0,0.0,0.0,1.0,0
ROUTER,battery,0.0,1.0,0.08785046728971962,0.9121495327102804,1070
ROUTER,battery,0.02,1.0,0.08785046728971962,0.9121495327102804,1070
ROUTER,battery,0.04,1.0,0.08785046728971962,0.9121495327102804,1070
ROUTER,battery,0.06,1.0,0.08785046728971962,0.9121495327102804,1070
ROUTER,battery,0.08,1.0,0.08785046728971962,0.9121495327102804,1070
ROUTER,battery,0.1,1.0,0.08785046728971962,0.9121495327102804,1070
ROUTER,battery,0.12,1.0,0.08785046728971962,0.9121495327102804,1070
ROUTER,battery,0.14,1.0,0.08785046728971962,0.9121495327102804,1070
ROUTER,battery,0.16,1.0,0.08785046728971962,0.9121495327102804,1070
ROUTER,battery,0.18,1.0,0.08785046728971962,0.9121495327102804,1070
ROUTER,battery,0.2,1.0,0.08785046728971962,0.9121495327102804,1070
ROUTER,battery,0.22,1.0,0.08785046728971962,0.9121495327102804,1070
ROUTER,battery,0.24,1.0,0.08785046728971962,0.9121495327102804,1070
ROUTER,battery,0.26,1.0,0.08785046728971962,0.9121495327102804,1070
ROUTER,battery,0.28,1.0,0.08785046728971962,0.9121495327102804,1070
ROUTER,battery,0.3,0.9897196261682243,0.07932011331444759,0.9206798866855525,1059
ROUTER,battery,0.32,0.9897196261682243,0.07932011331444759,0.9206798866855525,1059
ROUTER,battery,0.34,0.9897196261682243,0.07932011331444759,0.9206798866855525,1059
ROUTER,battery,0.36,0.9897196261682243,0.07932011331444759,0.9206798866855525,1059
ROUTER,battery,0.38,0.9897196261682243,0.07932011331444759,0.9206798866855525,1059
ROUTER,battery,0.4,0.07850467289719626,1.0,0.0,84
ROUTER,battery,0.42,0.07850467289719626,1.0,0.0,84
ROUTER,battery,0.44,0.07850467289719626,1.0,0.0,84
ROUTER,battery,0.46,0.07850467289719626,1.0,0.0,84
ROUTER,battery,0.48,0.07850467289719626,1.0,0.0,84
ROUTER,battery,0.5,0.07850467289719626,1.0,0.0,84
ROUTER,battery,0.52,0.07850467289719626,1.0,0.0,84
ROUTER,battery,0.54,0.07850467289719626,1.0,0.0,84
ROUTER,battery,0.56,0.07850467289719626,1.0,0.0,84
ROUTER,battery,0.58,0.07850467289719626,1.0,0.0,84
ROUTER,battery,0.6,0.07850467289719626,1.0,0.0,84
ROUTER,battery,0.62,0.07850467289719626,1.0,0.0,84
ROUTER,battery,0.64,0.07850467289719626,1.0,0.0,84
ROUTER,battery,0.66,0.07850467289719626,1.0,0.0,84
ROUTER,battery,0.68,0.07850467289719626,1.0,0.0,84
ROUTER,battery,0.7000000000000001,0.07850467289719626,1.0,0.0,84
ROUTER,battery,0.72,0.07850467289719626,1.0,0.0,84
ROUTER,battery,0.74,0.07850467289719626,1.0,0.0,84
ROUTER,battery,0.76,0.07850467289719626,1.0,0.0,84
ROUTER,battery,0.78,0.07850467289719626,1.0,0.0,84
ROUTER,battery,0.8,0.07850467289719626,1.0,0.0,84
ROUTER,battery,0.8200000000000001,0.07850467289719626,1.0,0.0,84
ROUTER,battery,0.84,0.07850467289719626,1.0,0.0,84
ROUTER,battery,0.86,0.07850467289719626,1.0,0.0,84
ROUTER,battery,0.88,0.07850467289719626,1.0,0.0,84
ROUTER,battery,0.9,0.0,0.0,1.0,0
ROUTER,battery,0.92,0.0,0.0,1.0,0
ROUTER,battery,0.9400000000000001,0.0,0.0,1.0,0
ROUTER,battery,0.96,0.0,0.0,1.0,0
ROUTER,battery,0.98,0.0,0.0,1.0,0
ROUTER,battery,1.0,0.0,0.0,1.0,0
ROUTER,lexmark,0.0,1.0,0.09935897435897435,0.9006410256410257,936
ROUTER,lexmark,0.02,1.0,0.09935897435897435,0.9006410256410257,936
ROUTER,lexmark,0.04,1.0,0.09935897435897435,0.9006410256410257,936
ROUTER,lexmark,0.06,1.0,0.09935897435897435,0.9006410256410257,936
ROUTER,lexmark,0.08,1.0,0.09935897435897435,0.9006410256410257,936
ROUTER,lexmark,0.1,1.0,0.09935897435897435,0.9006410256410257,936
ROUTER,lexmark,0.12,1.0,0.09935897435897435,0.9006410256410257,936
ROUTER,lexmark,0.14,1.0,0.09935897435897435,0.9006410256410257,936
ROUTER,lexmark,0.16,1.0,0.09935897435897435,0.9006410256410257,936
ROUTER,lexmark,0.18,1.0,0.09935897435897435,0.9006410256410257,936
ROUTER,lexmark,0.2,1.0,0.09935897435897435,0.9006410256410257,936
ROUTER,lexmark,0.22,1.0,0.09935897435897435,0.9006410256410257,936
ROUTER,lexmark,0.24,1.0,0.09935897435897435,0.9006410256410257,936
ROUTER,lexmark,0.26,1.0,0.09935897435897435,0.9006410256410257,936
ROUTER,lexmark,0.28,1.0,0.09935897435897435,0.9006410256410257,936
ROUTER,lexmark,0.3,0.9871794871794872,0.08874458874458875,0.9112554112554112,924
ROUTER,lexmark,0.32,0.9871794871794872,0.08874458874458875,0.9112554112554112,924
ROUTER,lexmark,0.34,0.9871794871794872,0.08874458874458875,0.9112554112554112,924
ROUTER,lexmark,0.36,0.9871794871794872,0.08874458874458875,0.9112554112554112,924
ROUTER,lexmark,0.38,0.9871794871794872,0.08874458874458875,0.9112554112554112,924
ROUTER,lexmark,0.4,0.0876068376068376,1.0,0.0,82
ROUTER,lexmark,0.42,0.0876068376068376,1.0,0.0,82
ROUTER,lexmark,0.44,0.0876068376068376,1.0,0.0,82
ROUTER,lexmark,0.46,0.0876068376068376,1.0,0.0,82
ROUTER,lexmark,0.48,0.0876068376068376,1.0,0.0,82
ROUTER,lexmark,0.5,0.0876068376068376,1.0,0.0,82
ROUTER,lexmark,0.52,0.0876068376068376,1.0,0.0,82
ROUTER,lexmark,0.54,0.0876068376068376,1.0,0.0,82
ROUTER,lexmark,0.56,0.0876068376068376,1.0,0.0,82
ROUTER,lexmark,0.58,0.0876068376068376,1.0,0.0,82
ROUTER,lexmark,0.6,0.0876068376068376,1.0,0.0,82
ROUTER,lexmark,0.62,0.0876068376068376,1.0,0.0,82
ROUTER,lexmark,0.64,0.0876068376068376,1.0,0.0,82
ROUTER,lexmark,0.66,0.0876068376068376,1.0,0.0,82
ROUTER,lexmark,0.68,0.0876068376068376,1.0,0.0,82
ROUTER,lexmark,0.7000000000000001,0.0876068376068376,1.0,0.0,82
ROUTER,lexmark,0.72,0.0876068376068376,1.0,0.0,82
ROUTER,lexmark,0.74,0.0876068376068376,1.0,0.0,82
ROUTER,lexmark,0.76,0.0876068376068376,1.0,0.0,82
ROUTER,lexmark,0.78,0.0876068376068376,1.0,0.0,82
ROUTER,lexmark,0.8,0.0876068376068376,1.0,0.0,82
ROUTER,lexmark,0.8200000000000001,0.0876068376068376,1.0,0.0,82
ROUTER,lexmark,0.84,0.0876068376068376,1.0,0.0,82
ROUTER,lexmark,0.86,0.0876068376068376,1.0,0.0,82
ROUTER,lexmark,0.88,0.0876068376068376,1.0,0.0,82
ROUTER,lexmark,0.9,0.0,0.0,1.0,0
ROUTER,lexmark,0.92,0.0,0.0,1.0,0
ROUTER,lexmark,0.9400000000000001,0.0,0.0,1.0,0
ROUTER,lexmark,0.96,0.0,0.0,1.0,0
ROUTER,lexmark,0.98,0.0,0.0,1.0,0
ROUTER,lexmark,1.0,0.0,0.0,1.0,0
ROUTER,viessmann,0.0,1.0,0.07800421644413212,0.9219957835558679,1423
ROUTER,viessmann,0.02,1.0,0.07800421644413212,0.9219957835558679,1423
ROUTER,viessmann,0.04,1.0,0.07800421644413212,0.9219957835558679,1423
ROUTER,viessmann,0.06,1.0,0.07800421644413212,0.9219957835558679,1423
ROUTER,viessmann,0.08,1.0,0.07800421644413212,0.9219957835558679,1423
ROUTER,viessmann,0.1,1.0,0.07800421644413212,0.9219957835558679,1423
ROUTER,viessmann,0.12,1.0,0.07800421644413212,0.9219957835558679,1423
ROUTER,viessmann,0.14,1.0,0.07800421644413212,0.9219957835558679,1423
ROUTER,viessmann,0.16,1.0,0.07800421644413212,0.9219957835558679,1423
ROUTER,viessmann,0.18,1.0,0.07800421644413212,0.9219957835558679,1423
ROUTER,viessmann,0.2,1.0,0.07800421644413212,0.9219957835558679,1423
ROUTER,viessmann,0.22,1.0,0.07800421644413212,0.9219957835558679,1423
ROUTER,viessmann,0.24,1.0,0.07800421644413212,0.9219957835558679,1423
ROUTER,viessmann,0.26,1.0,0.07800421644413212,0.9219957835558679,1423
ROUTER,viessmann,0.28,1.0,0.07800421644413212,0.9219957835558679,1423
ROUTER,viessmann,0.3,0.9971890372452565,0.07540521494009866,0.9245947850599013,1419
ROUTER,viessmann,0.32,0.9971890372452565,0.07540521494009866,0.9245947850599013,1419
ROUTER,viessmann,0.34,0.9971890372452565,0.07540521494009866,0.9245947850599013,1419
ROUTER,viessmann,0.36,0.9971890372452565,0.07540521494009866,0.9245947850599013,1419
ROUTER,viessmann,0.38,0.9971890372452565,0.07540521494009866,0.9245947850599013,1419
ROUTER,viessmann,0.4,0.07519325368938862,1.0,0.0,107
ROUTER,viessmann,0.42,0.07519325368938862,1.0,0.0,107
ROUTER,viessmann,0.44,0.07519325368938862,1.0,0.0,107
ROUTER,viessmann,0.46,0.07519325368938862,1.0,0.0,107
ROUTER,viessmann,0.48,0.07519325368938862,1.0,0.0,107
ROUTER,viessmann,0.5,0.07519325368938862,1.0,0.0,107
ROUTER,viessmann,0.52,0.07519325368938862,1.0,0.0,107
ROUTER,viessmann,0.54,0.07519325368938862,1.0,0.0,107
ROUTER,viessmann,0.56,0.07519325368938862,1.0,0.0,107
ROUTER,viessmann,0.58,0.07519325368938862,1.0,0.0,107
ROUTER,viessmann,0.6,0.07519325368938862,1.0,0.0,107
ROUTER,viessmann,0.62,0.07519325368938862,1.0,0.0,107
ROUTER,viessmann,0.64,0.07519325368938862,1.0,0.0,107
ROUTER,viessmann,0.66,0.07519325368938862,1.0,0.0,107
ROUTER,viessmann,0.68,0.07519325368938862,1.0,0.0,107
ROUTER,viessmann,0.7000000000000001,0.07519325368938862,1.0,0.0,107
ROUTER,viessmann,0.72,0.07519325368938862,1.0,0.0,107
ROUTER,viessmann,0.74,0.07519325368938862,1.0,0.0,107
ROUTER,viessmann,0.76,0.07519325368938862,1.0,0.0,107
ROUTER,viessmann,0.78,0.07519325368938862,1.0,0.0,107
ROUTER,viessmann,0.8,0.07519325368938862,1.0,0.0,107
ROUTER,viessmann,0.8200000000000001,0.07519325368938862,1.0,0.0,107
ROUTER,viessmann,0.84,0.07519325368938862,1.0,0.0,107
ROUTER,viessmann,0.86,0.07519325368938862,1.0,0.0,107
ROUTER,viessmann,0.88,0.07519325368938862,1.0,0.0,107
ROUTER,viessmann,0.9,0.0,0.0,1.0,0
ROUTER,viessmann,0.92,0.0,0.0,1.0,0
ROUTER,viessmann,0.9400000000000001,0.0,0.0,1.0,0
ROUTER,viessmann,0.96,0.0,0.0,1.0,0
ROUTER,viessmann,0.98,0.0,0.0,1.0,0
ROUTER,viessmann,1.0,0.0,0.0,1.0,0
SYM_ONLY,battery,0.0,1.0,0.09626168224299066,0.9037383177570093,1070
SYM_ONLY,battery,0.02,1.0,0.09626168224299066,0.9037383177570093,1070
SYM_ONLY,battery,0.04,1.0,0.09626168224299066,0.9037383177570093,1070
SYM_ONLY,battery,0.06,1.0,0.09626168224299066,0.9037383177570093,1070
SYM_ONLY,battery,0.08,1.0,0.09626168224299066,0.9037383177570093,1070
SYM_ONLY,battery,0.1,1.0,0.09626168224299066,0.9037383177570093,1070
SYM_ONLY,battery,0.12,1.0,0.09626168224299066,0.9037383177570093,1070
SYM_ONLY,battery,0.14,1.0,0.09626168224299066,0.9037383177570093,1070
SYM_ONLY,battery,0.16,1.0,0.09626168224299066,0.9037383177570093,1070
SYM_ONLY,battery,0.18,1.0,0.09626168224299066,0.9037383177570093,1070
SYM_ONLY,battery,0.2,1.0,0.09626168224299066,0.9037383177570093,1070
SYM_ONLY,battery,0.22,1.0,0.09626168224299066,0.9037383177570093,1070
SYM_ONLY,battery,0.24,1.0,0.09626168224299066,0.9037383177570093,1070
SYM_ONLY,battery,0.26,1.0,0.09626168224299066,0.9037383177570093,1070
SYM_ONLY,battery,0.28,1.0,0.09626168224299066,0.9037383177570093,1070
SYM_ONLY,battery,0.3,1.0,0.09626168224299066,0.9037383177570093,1070
SYM_ONLY,battery,0.32,0.07850467289719626,1.0,0.0,84
SYM_ONLY,battery,0.34,0.07850467289719626,1.0,0.0,84
SYM_ONLY,battery,0.36,0.07850467289719626,1.0,0.0,84
SYM_ONLY,battery,0.38,0.07850467289719626,1.0,0.0,84
SYM_ONLY,battery,0.4,0.07850467289719626,1.0,0.0,84
SYM_ONLY,battery,0.42,0.07850467289719626,1.0,0.0,84
SYM_ONLY,battery,0.44,0.07850467289719626,1.0,0.0,84
SYM_ONLY,battery,0.46,0.07850467289719626,1.0,0.0,84
SYM_ONLY,battery,0.48,0.07850467289719626,1.0,0.0,84
SYM_ONLY,battery,0.5,0.07850467289719626,1.0,0.0,84
SYM_ONLY,battery,0.52,0.07850467289719626,1.0,0.0,84
SYM_ONLY,battery,0.54,0.07850467289719626,1.0,0.0,84
SYM_ONLY,battery,0.56,0.07850467289719626,1.0,0.0,84
SYM_ONLY,battery,0.58,0.07850467289719626,1.0,0.0,84
SYM_ONLY,battery,0.6,0.07850467289719626,1.0,0.0,84
SYM_ONLY,battery,0.62,0.07850467289719626,1.0,0.0,84
SYM_ONLY,battery,0.64,0.07850467289719626,1.0,0.0,84
SYM_ONLY,battery,0.66,0.07850467289719626,1.0,0.0,84
SYM_ONLY,battery,0.68,0.07850467289719626,1.0,0.0,84
SYM_ONLY,battery,0.7000000000000001,0.07850467289719626,1.0,0.0,84
SYM_ONLY,battery,0.72,0.07850467289719626,1.0,0.0,84
SYM_ONLY,battery,0.74,0.07850467289719626,1.0,0.0,84
SYM_ONLY,battery,0.76,0.07850467289719626,1.0,0.0,84
SYM_ONLY,battery,0.78,0.07850467289719626,1.0,0.0,84
SYM_ONLY,battery,0.8,0.07850467289719626,1.0,0.0,84
SYM_ONLY,battery,0.8200000000000001,0.07850467289719626,1.0,0.0,84
SYM_ONLY,battery,0.84,0.07850467289719626,1.0,0.0,84
SYM_ONLY,battery,0.86,0.07850467289719626,1.0,0.0,84
SYM_ONLY,battery,0.88,0.07850467289719626,1.0,0.0,84
SYM_ONLY,battery,0.9,0.07850467289719626,1.0,0.0,84
SYM_ONLY,battery,0.92,0.0,0.0,1.0,0
SYM_ONLY,battery,0.9400000000000001,0.0,0.0,1.0,0
SYM_ONLY,battery,0.96,0.0,0.0,1.0,0
SYM_ONLY,battery,0.98,0.0,0.0,1.0,0
SYM_ONLY,battery,1.0,0.0,0.0,1.0,0
SYM_ONLY,lexmark,0.0,1.0,0.09935897435897435,0.9006410256410257,936
SYM_ONLY,lexmark,0.02,1.0,0.09935897435897435,0.9006410256410257,936
SYM_ONLY,lexmark,0.04,1.0,0.09935897435897435,0.9006410256410257,936
SYM_ONLY,lexmark,0.06,1.0,0.09935897435897435,0.9006410256410257,936
SYM_ONLY,lexmark,0.08,1.0,0.09935897435897435,0.9006410256410257,936
SYM_ONLY,lexmark,0.1,1.0,0.09935897435897435,0.9006410256410257,936
SYM_ONLY,lexmark,0.12,1.0,0.09935897435897435,0.9006410256410257,936
SYM_ONLY,lexmark,0.14,1.0,0.09935897435897435,0.9006410256410257,936
SYM_ONLY,lexmark,0.16,1.0,0.09935897435897435,0.9006410256410257,936
SYM_ONLY,lexmark,0.18,1.0,0.09935897435897435,0.9006410256410257,936
SYM_ONLY,lexmark,0.2,1.0,0.09935897435897435,0.9006410256410257,936
SYM_ONLY,lexmark,0.22,1.0,0.09935897435897435,0.9006410256410257,936
SYM_ONLY,lexmark,0.24,1.0,0.09935897435897435,0.9006410256410257,936
SYM_ONLY,lexmark,0.26,1.0,0.09935897435897435,0.9006410256410257,936
SYM_ONLY,lexmark,0.28,1.0,0.09935897435897435,0.9006410256410257,936
SYM_ONLY,lexmark,0.3,1.0,0.09935897435897435,0.9006410256410257,936
SYM_ONLY,lexmark,0.32,0.0876068376068376,1.0,0.0,82
SYM_ONLY,lexmark,0.34,0.0876068376068376,1.0,0.0,82
SYM_ONLY,lexmark,0.36,0.0876068376068376,1.0,0.0,82
SYM_ONLY,lexmark,0.38,0.0876068376068376,1.0,0.0,82
SYM_ONLY,lexmark,0.4,0.0876068376068376,1.0,0.0,82
SYM_ONLY,lexmark,0.42,0.0876068376068376,1.0,0.0,82
SYM_ONLY,lexmark,0.44,0.0876068376068376,1.0,0.0,82
SYM_ONLY,lexmark,0.46,0.0876068376068376,1.0,0.0,82
SYM_ONLY,lexmark,0.48,0.0876068376068376,1.0,0.0,82
SYM_ONLY,lexmark,0.5,0.0876068376068376,1.0,0.0,82
SYM_ONLY,lexmark,0.52,0.0876068376068376,1.0,0.0,82
SYM_ONLY,lexmark,0.54,0.0876068376068376,1.0,0.0,82
SYM_ONLY,lexmark,0.56,0.0876068376068376,1.0,0.0,82
SYM_ONLY,lexmark,0.58,0.0876068376068376,1.0,0.0,82
SYM_ONLY,lexmark,0.6,0.0876068376068376,1.0,0.0,82
SYM_ONLY,lexmark,0.62,0.0876068376068376,1.0,0.0,82
SYM_ONLY,lexmark,0.64,0.0876068376068376,1.0,0.0,82
SYM_ONLY,lexmark,0.66,0.0876068376068376,1.0,0.0,82
SYM_ONLY,lexmark,0.68,0.0876068376068376,1.0,0.0,82
SYM_ONLY,lexmark,0.7000000000000001,0.0876068376068376,1.0,0.0,82
SYM_ONLY,lexmark,0.72,0.0876068376068376,1.0,0.0,82
SYM_ONLY,lexmark,0.74,0.0876068376068376,1.0,0.0,82
SYM_ONLY,lexmark,0.76,0.0876068376068376,1.0,0.0,82
SYM_ONLY,lexmark,0.78,0.0876068376068376,1.0,0.0,82
SYM_ONLY,lexmark,0.8,0.0876068376068376,1.0,0.0,82
SYM_ONLY,lexmark,0.8200000000000001,0.0876068376068376,1.0,0.0,82
SYM_ONLY,lexmark,0.84,0.0876068376068376,1.0,0.0,82
SYM_ONLY,lexmark,0.86,0.0876068376068376,1.0,0.0,82
SYM_ONLY,lexmark,0.88,0.0876068376068376,1.0,0.0,82
SYM_ONLY,lexmark,0.9,0.0876068376068376,1.0,0.0,82
SYM_ONLY,lexmark,0.92,0.0,0.0,1.0,0
SYM_ONLY,lexmark,0.9400000000000001,0.0,0.0,1.0,0
SYM_ONLY,lexmark,0.96,0.0,0.0,1.0,0
SYM_ONLY,lexmark,0.98,0.0,0.0,1.0,0
SYM_ONLY,lexmark,1.0,0.0,0.0,1.0,0
SYM_ONLY,viessmann,0.0,1.0,0.09486999297259312,0.9051300070274069,1423
SYM_ONLY,viessmann,0.02,1.0,0.09486999297259312,0.9051300070274069,1423
SYM_ONLY,viessmann,0.04,1.0,0.09486999297259312,0.9051300070274069,1423
SYM_ONLY,viessmann,0.06,1.0,0.09486999297259312,0.9051300070274069,1423
SYM_ONLY,viessmann,0.08,1.0,0.09486999297259312,0.9051300070274069,1423
SYM_ONLY,viessmann,0.1,1.0,0.09486999297259312,0.9051300070274069,1423
SYM_ONLY,viessmann,0.12,1.0,0.09486999297259312,0.9051300070274069,1423
SYM_ONLY,viessmann,0.14,1.0,0.09486999297259312,0.9051300070274069,1423
SYM_ONLY,viessmann,0.16,1.0,0.09486999297259312,0.9051300070274069,1423
SYM_ONLY,viessmann,0.18,1.0,0.09486999297259312,0.9051300070274069,1423
SYM_ONLY,viessmann,0.2,1.0,0.09486999297259312,0.9051300070274069,1423
SYM_ONLY,viessmann,0.22,1.0,0.09486999297259312,0.9051300070274069,1423
SYM_ONLY,viessmann,0.24,1.0,0.09486999297259312,0.9051300070274069,1423
SYM_ONLY,viessmann,0.26,1.0,0.09486999297259312,0.9051300070274069,1423
SYM_ONLY,viessmann,0.28,1.0,0.09486999297259312,0.9051300070274069,1423
SYM_ONLY,viessmann,0.3,1.0,0.09486999297259312,0.9051300070274069,1423
SYM_ONLY,viessmann,0.32,0.07519325368938862,1.0,0.0,107
SYM_ONLY,viessmann,0.34,0.07519325368938862,1.0,0.0,107
SYM_ONLY,viessmann,0.36,0.07519325368938862,1.0,0.0,107
SYM_ONLY,viessmann,0.38,0.07519325368938862,1.0,0.0,107
SYM_ONLY,viessmann,0.4,0.07519325368938862,1.0,0.0,107
SYM_ONLY,viessmann,0.42,0.07519325368938862,1.0,0.0,107
SYM_ONLY,viessmann,0.44,0.07519325368938862,1.0,0.0,107
SYM_ONLY,viessmann,0.46,0.07519325368938862,1.0,0.0,107
SYM_ONLY,viessmann,0.48,0.07519325368938862,1.0,0.0,107
SYM_ONLY,viessmann,0.5,0.07519325368938862,1.0,0.0,107
SYM_ONLY,viessmann,0.52,0.07519325368938862,1.0,0.0,107
SYM_ONLY,viessmann,0.54,0.07519325368938862,1.0,0.0,107
SYM_ONLY,viessmann,0.56,0.07519325368938862,1.0,0.0,107
SYM_ONLY,viessmann,0.58,0.07519325368938862,1.0,0.0,107
SYM_ONLY,viessmann,0.6,0.07519325368938862,1.0,0.0,107
SYM_ONLY,viessmann,0.62,0.07519325368938862,1.0,0.0,107
SYM_ONLY,viessmann,0.64,0.07519325368938862,1.0,0.0,107
SYM_ONLY,viessmann,0.66,0.07519325368938862,1.0,0.0,107
SYM_ONLY,viessmann,0.68,0.07519325368938862,1.0,0.0,107
SYM_ONLY,viessmann,0.7000000000000001,0.07519325368938862,1.0,0.0,107
SYM_ONLY,viessmann,0.72,0.07519325368938862,1.0,0.0,107
SYM_ONLY,viessmann,0.74,0.07519325368938862,1.0,0.0,107
SYM_ONLY,viessmann,0.76,0.07519325368938862,1.0,0.0,107
SYM_ONLY,viessmann,0.78,0.07519325368938862,1.0,0.0,107
SYM_ONLY,viessmann,0.8,0.07519325368938862,1.0,0.0,107
SYM_ONLY,viessmann,0.8200000000000001,0.07519325368938862,1.0,0.0,107
SYM_ONLY,viessmann,0.84,0.07519325368938862,1.0,0.0,107
SYM_ONLY,viessmann,0.86,0.07519325368938862,1.0,0.0,107
SYM_ONLY,viessmann,0.88,0.07519325368938862,1.0,0.0,107
SYM_ONLY,viessmann,0.9,0.07519325368938862,1.0,0.0,107
SYM_ONLY,viessmann,0.92,0.0,0.0,1.0,0
SYM_ONLY,viessmann,0.9400000000000001,0.0,0.0,1.0,0
SYM_ONLY,viessmann,0.96,0.0,0.0,1.0,0
SYM_ONLY,viessmann,0.98,0.0,0.0,1.0,0
SYM_ONLY,viessmann,1.0,0.0,0.0,1.0,0
ADAPTIVERAG,pooled,0.0,1.0,0.9749198016914552,0.0250801983085448,3429
ADAPTIVERAG,pooled,0.02,1.0,0.9749198016914552,0.0250801983085448,3429
ADAPTIVERAG,pooled,0.04,1.0,0.9749198016914552,0.0250801983085448,3429
ADAPTIVERAG,pooled,0.06,1.0,0.9749198016914552,0.0250801983085448,3429
ADAPTIVERAG,pooled,0.08,1.0,0.9749198016914552,0.0250801983085448,3429
ADAPTIVERAG,pooled,0.1,1.0,0.9749198016914552,0.0250801983085448,3429
ADAPTIVERAG,pooled,0.12,1.0,0.9749198016914552,0.0250801983085448,3429
ADAPTIVERAG,pooled,0.14,1.0,0.9749198016914552,0.0250801983085448,3429
ADAPTIVERAG,pooled,0.16,1.0,0.9749198016914552,0.0250801983085448,3429
ADAPTIVERAG,pooled,0.18,1.0,0.9749198016914552,0.0250801983085448,3429
ADAPTIVERAG,pooled,0.2,1.0,0.9749198016914552,0.0250801983085448,3429
ADAPTIVERAG,pooled,0.22,1.0,0.9749198016914552,0.0250801983085448,3429
ADAPTIVERAG,pooled,0.24,1.0,0.9749198016914552,0.0250801983085448,3429
ADAPTIVERAG,pooled,0.26,1.0,0.9749198016914552,0.0250801983085448,3429
ADAPTIVERAG,pooled,0.28,1.0,0.9749198016914552,0.0250801983085448,3429
ADAPTIVERAG,pooled,0.3,1.0,0.9749198016914552,0.0250801983085448,3429
ADAPTIVERAG,pooled,0.32,1.0,0.9749198016914552,0.0250801983085448,3429
ADAPTIVERAG,pooled,0.34,1.0,0.9749198016914552,0.0250801983085448,3429
ADAPTIVERAG,pooled,0.36,1.0,0.9749198016914552,0.0250801983085448,3429
ADAPTIVERAG,pooled,0.38,1.0,0.9749198016914552,0.0250801983085448,3429
ADAPTIVERAG,pooled,0.4,1.0,0.9749198016914552,0.0250801983085448,3429
ADAPTIVERAG,pooled,0.42,0.07961504811898512,1.0,0.0,273
ADAPTIVERAG,pooled,0.44,0.07961504811898512,1.0,0.0,273
ADAPTIVERAG,pooled,0.46,0.07961504811898512,1.0,0.0,273
ADAPTIVERAG,pooled,0.48,0.07961504811898512,1.0,0.0,273
ADAPTIVERAG,pooled,0.5,0.07961504811898512,1.0,0.0,273
ADAPTIVERAG,pooled,0.52,0.07961504811898512,1.0,0.0,273
ADAPTIVERAG,pooled,0.54,0.07961504811898512,1.0,0.0,273
ADAPTIVERAG,pooled,0.56,0.07961504811898512,1.0,0.0,273
ADAPTIVERAG,pooled,0.58,0.07961504811898512,1.0,0.0,273
ADAPTIVERAG,pooled,0.6,0.07961504811898512,1.0,0.0,273
ADAPTIVERAG,pooled,0.62,0.07961504811898512,1.0,0.0,273
ADAPTIVERAG,pooled,0.64,0.07961504811898512,1.0,0.0,273
ADAPTIVERAG,pooled,0.66,0.07961504811898512,1.0,0.0,273
ADAPTIVERAG,pooled,0.68,0.07961504811898512,1.0,0.0,273
ADAPTIVERAG,pooled,0.7000000000000001,0.07961504811898512,1.0,0.0,273
ADAPTIVERAG,pooled,0.72,0.07961504811898512,1.0,0.0,273
ADAPTIVERAG,pooled,0.74,0.07961504811898512,1.0,0.0,273
ADAPTIVERAG,pooled,0.76,0.07961504811898512,1.0,0.0,273
ADAPTIVERAG,pooled,0.78,0.07961504811898512,1.0,0.0,273
ADAPTIVERAG,pooled,0.8,0.07961504811898512,1.0,0.0,273
ADAPTIVERAG,pooled,0.8200000000000001,0.07961504811898512,1.0,0.0,273
ADAPTIVERAG,pooled,0.84,0.07961504811898512,1.0,0.0,273
ADAPTIVERAG,pooled,0.86,0.07961504811898512,1.0,0.0,273
ADAPTIVERAG,pooled,0.88,0.07961504811898512,1.0,0.0,273
ADAPTIVERAG,pooled,0.9,0.07961504811898512,1.0,0.0,273
ADAPTIVERAG,pooled,0.92,0.013414989792942549,1.0,0.0,46
ADAPTIVERAG,pooled,0.9400000000000001,0.0023330417031204435,1.0,0.0,8
ADAPTIVERAG,pooled,0.96,0.00029163021289005544,1.0,0.0,1
ADAPTIVERAG,pooled,0.98,0.0,0.0,1.0,0
ADAPTIVERAG,pooled,1.0,0.0,0.0,1.0,0
BASE,pooled,0.0,1.0,0.016914552347623214,0.9830854476523768,3429
BASE,pooled,0.02,1.0,0.016914552347623214,0.9830854476523768,3429
BASE,pooled,0.04,1.0,0.016914552347623214,0.9830854476523768,3429
BASE,pooled,0.06,1.0,0.016914552347623214,0.9830854476523768,3429
BASE,pooled,0.08,1.0,0.016914552347623214,0.9830854476523768,3429
BASE,pooled,0.1,1.0,0.016914552347623214,0.9830854476523768,3429
BASE,pooled,0.12,1.0,0.016914552347623214,0.9830854476523768,3429
BASE,pooled,0.14,1.0,0.016914552347623214,0.9830854476523768,3429
BASE,pooled,0.16,1.0,0.016914552347623214,0.9830854476523768,3429
BASE,pooled,0.18,1.0,0.016914552347623214,0.9830854476523768,3429
BASE,pooled,0.2,1.0,0.016914552347623214,0.9830854476523768,3429
BASE,pooled,0.22,1.0,0.016914552347623214,0.9830854476523768,3429
BASE,pooled,0.24,1.0,0.016914552347623214,0.9830854476523768,3429
BASE,pooled,0.26,1.0,0.016914552347623214,0.9830854476523768,3429
BASE,pooled,0.28,1.0,0.016914552347623214,0.9830854476523768,3429
BASE,pooled,0.3,0.0,0.0,1.0,0
BASE,pooled,0.32,0.0,0.0,1.0,0
BASE,pooled,0.34,0.0,0.0,1.0,0
BASE,pooled,0.36,0.0,0.0,1.0,0
BASE,pooled,0.38,0.0,0.0,1.0,0
BASE,pooled,0.4,0.0,0.0,1.0,0
BASE,pooled,0.42,0.0,0.0,1.0,0
BASE,pooled,0.44,0.0,0.0,1.0,0
BASE,pooled,0.46,0.0,0.0,1.0,0
BASE,pooled,0.48,0.0,0.0,1.0,0
BASE,pooled,0.5,0.0,0.0,1.0,0
BASE,pooled,0.52,0.0,0.0,1.0,0
BASE,pooled,0.54,0.0,0.0,1.0,0
BASE,pooled,0.56,0.0,0.0,1.0,0
BASE,pooled,0.58,0.0,0.0,1.0,0
BASE,pooled,0.6,0.0,0.0,1.0,0
BASE,pooled,0.62,0.0,0.0,1.0,0
BASE,pooled,0.64,0.0,0.0,1.0,0
BASE,pooled,0.66,0.0,0.0,1.0,0
BASE,pooled,0.68,0.0,0.0,1.0,0
BASE,pooled,0.7000000000000001,0.0,0.0,1.0,0
BASE,pooled,0.72,0.0,0.0,1.0,0
BASE,pooled,0.74,0.0,0.0,1.0,0
BASE,pooled,0.76,0.0,0.0,1.0,0
BASE,pooled,0.78,0.0,0.0,1.0,0
BASE,pooled,0.8,0.0,0.0,1.0,0
BASE,pooled,0.8200000000000001,0.0,0.0,1.0,0
BASE,pooled,0.84,0.0,0.0,1.0,0
BASE,pooled,0.86,0.0,0.0,1.0,0
BASE,pooled,0.88,0.0,0.0,1.0,0
BASE,pooled,0.9,0.0,0.0,1.0,0
BASE,pooled,0.92,0.0,0.0,1.0,0
BASE,pooled,0.9400000000000001,0.0,0.0,1.0,0
BASE,pooled,0.96,0.0,0.0,1.0,0
BASE,pooled,0.98,0.0,0.0,1.0,0
BASE,pooled,1.0,0.0,0.0,1.0,0
MEM,pooled,0.0,1.0,0.5001458151064451,0.49985418489355493,3429
MEM,pooled,0.02,1.0,0.5001458151064451,0.49985418489355493,3429
MEM,pooled,0.04,1.0,0.5001458151064451,0.49985418489355493,3429
MEM,pooled,0.06,1.0,0.5001458151064451,0.49985418489355493,3429
MEM,pooled,0.08,1.0,0.5001458151064451,0.49985418489355493,3429
MEM,pooled,0.1,1.0,0.5001458151064451,0.49985418489355493,3429
MEM,pooled,0.12,1.0,0.5001458151064451,0.49985418489355493,3429
MEM,pooled,0.14,1.0,0.5001458151064451,0.49985418489355493,3429
MEM,pooled,0.16,1.0,0.5001458151064451,0.49985418489355493,3429
MEM,pooled,0.18,1.0,0.5001458151064451,0.49985418489355493,3429
MEM,pooled,0.2,1.0,0.5001458151064451,0.49985418489355493,3429
MEM,pooled,0.22,1.0,0.5001458151064451,0.49985418489355493,3429
MEM,pooled,0.24,1.0,0.5001458151064451,0.49985418489355493,3429
MEM,pooled,0.26,1.0,0.5001458151064451,0.49985418489355493,3429
MEM,pooled,0.28,1.0,0.5001458151064451,0.49985418489355493,3429
MEM,pooled,0.3,1.0,0.5001458151064451,0.49985418489355493,3429
MEM,pooled,0.32,1.0,0.5001458151064451,0.49985418489355493,3429
MEM,pooled,0.34,1.0,0.5001458151064451,0.49985418489355493,3429
MEM,pooled,0.36,1.0,0.5001458151064451,0.49985418489355493,3429
MEM,pooled,0.38,1.0,0.5001458151064451,0.49985418489355493,3429
MEM,pooled,0.4,0.3123359580052493,0.9365079365079365,0.06349206349206349,1071
MEM,pooled,0.42,0.2989209682123068,0.9785365853658536,0.02146341463414636,1025
MEM,pooled,0.44,0.0,0.0,1.0,0
MEM,pooled,0.46,0.0,0.0,1.0,0
MEM,pooled,0.48,0.0,0.0,1.0,0
MEM,pooled,0.5,0.0,0.0,1.0,0
MEM,pooled,0.52,0.0,0.0,1.0,0
MEM,pooled,0.54,0.0,0.0,1.0,0
MEM,pooled,0.56,0.0,0.0,1.0,0
MEM,pooled,0.58,0.0,0.0,1.0,0
MEM,pooled,0.6,0.0,0.0,1.0,0
MEM,pooled,0.62,0.0,0.0,1.0,0
MEM,pooled,0.64,0.0,0.0,1.0,0
MEM,pooled,0.66,0.0,0.0,1.0,0
MEM,pooled,0.68,0.0,0.0,1.0,0
MEM,pooled,0.7000000000000001,0.0,0.0,1.0,0
MEM,pooled,0.72,0.0,0.0,1.0,0
MEM,pooled,0.74,0.0,0.0,1.0,0
MEM,pooled,0.76,0.0,0.0,1.0,0
MEM,pooled,0.78,0.0,0.0,1.0,0
MEM,pooled,0.8,0.0,0.0,1.0,0
MEM,pooled,0.8200000000000001,0.0,0.0,1.0,0
MEM,pooled,0.84,0.0,0.0,1.0,0
MEM,pooled,0.86,0.0,0.0,1.0,0
MEM,pooled,0.88,0.0,0.0,1.0,0
MEM,pooled,0.9,0.0,0.0,1.0,0
MEM,pooled,0.92,0.0,0.0,1.0,0
MEM,pooled,0.9400000000000001,0.0,0.0,1.0,0
MEM,pooled,0.96,0.0,0.0,1.0,0
MEM,pooled,0.98,0.0,0.0,1.0,0
MEM,pooled,1.0,0.0,0.0,1.0,0
MEMSYM,pooled,0.0,1.0,0.5777194517351998,0.4222805482648002,3429
MEMSYM,pooled,0.02,1.0,0.5777194517351998,0.4222805482648002,3429
MEMSYM,pooled,0.04,1.0,0.5777194517351998,0.4222805482648002,3429
MEMSYM,pooled,0.06,1.0,0.5777194517351998,0.4222805482648002,3429
MEMSYM,pooled,0.08,1.0,0.5777194517351998,0.4222805482648002,3429
MEMSYM,pooled,0.1,1.0,0.5777194517351998,0.4222805482648002,3429
MEMSYM,pooled,0.12,1.0,0.5777194517351998,0.4222805482648002,3429
MEMSYM,pooled,0.14,1.0,0.5777194517351998,0.4222805482648002,3429
MEMSYM,pooled,0.16,1.0,0.5777194517351998,0.4222805482648002,3429
MEMSYM,pooled,0.18,1.0,0.5777194517351998,0.4222805482648002,3429
MEMSYM,pooled,0.2,1.0,0.5777194517351998,0.4222805482648002,3429
MEMSYM,pooled,0.22,1.0,0.5777194517351998,0.4222805482648002,3429
MEMSYM,pooled,0.24,1.0,0.5777194517351998,0.4222805482648002,3429
MEMSYM,pooled,0.26,1.0,0.5777194517351998,0.4222805482648002,3429
MEMSYM,pooled,0.28,1.0,0.5777194517351998,0.4222805482648002,3429
MEMSYM,pooled,0.3,1.0,0.5777194517351998,0.4222805482648002,3429
MEMSYM,pooled,0.32,1.0,0.5777194517351998,0.4222805482648002,3429
MEMSYM,pooled,0.34,1.0,0.5777194517351998,0.4222805482648002,3429
MEMSYM,pooled,0.36,1.0,0.5777194517351998,0.4222805482648002,3429
MEMSYM,pooled,0.38,1.0,0.5777194517351998,0.4222805482648002,3429
MEMSYM,pooled,0.4,0.3785360163312919,0.9830508474576272,0.016949152542372836,1298
MEMSYM,pooled,0.42,0.3773694954797317,0.9860896445131375,0.01391035548686248,1294
MEMSYM,pooled,0.44,0.07961504811898512,1.0,0.0,273
MEMSYM,pooled,0.46,0.07961504811898512,1.0,0.0,273
MEMSYM,pooled,0.48,0.07961504811898512,1.0,0.0,273
MEMSYM,pooled,0.5,0.07961504811898512,1.0,0.0,273
MEMSYM,pooled,0.52,0.07961504811898512,1.0,0.0,273
MEMSYM,pooled,0.54,0.07961504811898512,1.0,0.0,273
MEMSYM,pooled,0.56,0.07961504811898512,1.0,0.0,273
MEMSYM,pooled,0.58,0.07961504811898512,1.0,0.0,273
MEMSYM,pooled,0.6,0.07961504811898512,1.0,0.0,273
MEMSYM,pooled,0.62,0.07961504811898512,1.0,0.0,273
MEMSYM,pooled,0.64,0.07961504811898512,1.0,0.0,273
MEMSYM,pooled,0.66,0.07961504811898512,1.0,0.0,273
MEMSYM,pooled,0.68,0.07961504811898512,1.0,0.0,273
MEMSYM,pooled,0.7000000000000001,0.07961504811898512,1.0,0.0,273
MEMSYM,pooled,0.72,0.07961504811898512,1.0,0.0,273
MEMSYM,pooled,0.74,0.07961504811898512,1.0,0.0,273
MEMSYM,pooled,0.76,0.07961504811898512,1.0,0.0,273
MEMSYM,pooled,0.78,0.07961504811898512,1.0,0.0,273
MEMSYM,pooled,0.8,0.07961504811898512,1.0,0.0,273
MEMSYM,pooled,0.8200000000000001,0.07961504811898512,1.0,0.0,273
MEMSYM,pooled,0.84,0.07961504811898512,1.0,0.0,273
MEMSYM,pooled,0.86,0.07961504811898512,1.0,0.0,273
MEMSYM,pooled,0.88,0.07961504811898512,1.0,0.0,273
MEMSYM,pooled,0.9,0.07961504811898512,1.0,0.0,273
MEMSYM,pooled,0.92,0.013414989792942549,1.0,0.0,46
MEMSYM,pooled,0.9400000000000001,0.0023330417031204435,1.0,0.0,8
MEMSYM,pooled,0.96,0.00029163021289005544,1.0,0.0,1
MEMSYM,pooled,0.98,0.0,0.0,1.0,0
MEMSYM,pooled,1.0,0.0,0.0,1.0,0
RAG_BASE,pooled,0.0,1.0,0.8973461650627005,0.10265383493729952,3429
RAG_BASE,pooled,0.02,1.0,0.8973461650627005,0.10265383493729952,3429
RAG_BASE,pooled,0.04,1.0,0.8973461650627005,0.10265383493729952,3429
RAG_BASE,pooled,0.06,1.0,0.8973461650627005,0.10265383493729952,3429
RAG_BASE,pooled,0.08,1.0,0.8973461650627005,0.10265383493729952,3429
RAG_BASE,pooled,0.1,1.0,0.8973461650627005,0.10265383493729952,3429
RAG_BASE,pooled,0.12,1.0,0.8973461650627005,0.10265383493729952,3429
RAG_BASE,pooled,0.14,1.0,0.8973461650627005,0.10265383493729952,3429
RAG_BASE,pooled,0.16,1.0,0.8973461650627005,0.10265383493729952,3429
RAG_BASE,pooled,0.18,1.0,0.8973461650627005,0.10265383493729952,3429
RAG_BASE,pooled,0.2,1.0,0.8973461650627005,0.10265383493729952,3429
RAG_BASE,pooled,0.22,1.0,0.8973461650627005,0.10265383493729952,3429
RAG_BASE,pooled,0.24,1.0,0.8973461650627005,0.10265383493729952,3429
RAG_BASE,pooled,0.26,1.0,0.8973461650627005,0.10265383493729952,3429
RAG_BASE,pooled,0.28,1.0,0.8973461650627005,0.10265383493729952,3429
RAG_BASE,pooled,0.3,1.0,0.8973461650627005,0.10265383493729952,3429
RAG_BASE,pooled,0.32,1.0,0.8973461650627005,0.10265383493729952,3429
RAG_BASE,pooled,0.34,1.0,0.8973461650627005,0.10265383493729952,3429
RAG_BASE,pooled,0.36,1.0,0.8973461650627005,0.10265383493729952,3429
RAG_BASE,pooled,0.38,1.0,0.8973461650627005,0.10265383493729952,3429
RAG_BASE,pooled,0.4,1.0,0.8973461650627005,0.10265383493729952,3429
RAG_BASE,pooled,0.42,0.0,0.0,1.0,0
RAG_BASE,pooled,0.44,0.0,0.0,1.0,0
RAG_BASE,pooled,0.46,0.0,0.0,1.0,0
RAG_BASE,pooled,0.48,0.0,0.0,1.0,0
RAG_BASE,pooled,0.5,0.0,0.0,1.0,0
RAG_BASE,pooled,0.52,0.0,0.0,1.0,0
RAG_BASE,pooled,0.54,0.0,0.0,1.0,0
RAG_BASE,pooled,0.56,0.0,0.0,1.0,0
RAG_BASE,pooled,0.58,0.0,0.0,1.0,0
RAG_BASE,pooled,0.6,0.0,0.0,1.0,0
RAG_BASE,pooled,0.62,0.0,0.0,1.0,0
RAG_BASE,pooled,0.64,0.0,0.0,1.0,0
RAG_BASE,pooled,0.66,0.0,0.0,1.0,0
RAG_BASE,pooled,0.68,0.0,0.0,1.0,0
RAG_BASE,pooled,0.7000000000000001,0.0,0.0,1.0,0
RAG_BASE,pooled,0.72,0.0,0.0,1.0,0
RAG_BASE,pooled,0.74,0.0,0.0,1.0,0
RAG_BASE,pooled,0.76,0.0,0.0,1.0,0
RAG_BASE,pooled,0.78,0.0,0.0,1.0,0
RAG_BASE,pooled,0.8,0.0,0.0,1.0,0
RAG_BASE,pooled,0.8200000000000001,0.0,0.0,1.0,0
RAG_BASE,pooled,0.84,0.0,0.0,1.0,0
RAG_BASE,pooled,0.86,0.0,0.0,1.0,0
RAG_BASE,pooled,0.88,0.0,0.0,1.0,0
RAG_BASE,pooled,0.9,0.0,0.0,1.0,0
RAG_BASE,pooled,0.92,0.0,0.0,1.0,0
RAG_BASE,pooled,0.9400000000000001,0.0,0.0,1.0,0
RAG_BASE,pooled,0.96,0.0,0.0,1.0,0
RAG_BASE,pooled,0.98,0.0,0.0,1.0,0
RAG_BASE,pooled,1.0,0.0,0.0,1.0,0
RL,pooled,0.0,1.0,0.8964712744240303,0.1035287255759697,3429
RL,pooled,0.02,1.0,0.8964712744240303,0.1035287255759697,3429
RL,pooled,0.04,1.0,0.8964712744240303,0.1035287255759697,3429
RL,pooled,0.06,1.0,0.8964712744240303,0.1035287255759697,3429
RL,pooled,0.08,1.0,0.8964712744240303,0.1035287255759697,3429
RL,pooled,0.1,1.0,0.8964712744240303,0.1035287255759697,3429
RL,pooled,0.12,1.0,0.8964712744240303,0.1035287255759697,3429
RL,pooled,0.14,1.0,0.8964712744240303,0.1035287255759697,3429
RL,pooled,0.16,1.0,0.8964712744240303,0.1035287255759697,3429
RL,pooled,0.18,1.0,0.8964712744240303,0.1035287255759697,3429
RL,pooled,0.2,1.0,0.8964712744240303,0.1035287255759697,3429
RL,pooled,0.22,1.0,0.8964712744240303,0.1035287255759697,3429
RL,pooled,0.24,1.0,0.8964712744240303,0.1035287255759697,3429
RL,pooled,0.26,1.0,0.8964712744240303,0.1035287255759697,3429
RL,pooled,0.28,1.0,0.8964712744240303,0.1035287255759697,3429
RL,pooled,0.3,1.0,0.8964712744240303,0.1035287255759697,3429
RL,pooled,0.32,1.0,0.8964712744240303,0.1035287255759697,3429
RL,pooled,0.34,1.0,0.8964712744240303,0.1035287255759697,3429
RL,pooled,0.36,1.0,0.8964712744240303,0.1035287255759697,3429
RL,pooled,0.38,1.0,0.8964712744240303,0.1035287255759697,3429
RL,pooled,0.4,1.0,0.8964712744240303,0.1035287255759697,3429
RL,pooled,0.42,0.9973753280839895,0.8961988304093568,0.10380116959064323,3420
RL,pooled,0.44,0.9918343540390785,0.8962069979417818,0.10379300205821818,3401
RL,pooled,0.46,0.9588801399825022,0.8947688564476886,0.10523114355231145,3288
RL,pooled,0.48,0.8745990084572762,0.8909636545515172,0.10903634544848284,2999
RL,pooled,0.5,0.8104403616214639,0.8830514573587621,0.11694854264123788,2779
RL,pooled,0.52,0.7594050743657043,0.8751920122887865,0.12480798771121349,2604
RL,pooled,0.54,0.7165354330708661,0.8681318681318682,0.13186813186813184,2457
RL,pooled,0.56,0.6739574219889181,0.860233665080052,0.13976633491994805,2311
RL,pooled,0.58,0.6345873432487605,0.8520220588235294,0.14797794117647056,2176
RL,pooled,0.6,0.6118401866433363,0.8465204957102002,0.15347950428979984,2098
RL,pooled,0.62,0.6007582385535142,0.8436893203883495,0.15631067961165046,2060
RL,pooled,0.64,0.5940507436570429,0.8419243986254296,0.15807560137457044,2037
RL,pooled,0.66,0.5931758530183727,0.8416912487708947,0.15830875122910526,2034
RL,pooled,0.68,0.5931758530183727,0.8416912487708947,0.15830875122910526,2034
RL,pooled,0.7000000000000001,0.5931758530183727,0.8416912487708947,0.15830875122910526,2034
RL,pooled,0.72,0.5931758530183727,0.8416912487708947,0.15830875122910526,2034
RL,pooled,0.74,0.5931758530183727,0.8416912487708947,0.15830875122910526,2034
RL,pooled,0.76,0.5931758530183727,0.8416912487708947,0.15830875122910526,2034
RL,pooled,0.78,0.5931758530183727,0.8416912487708947,0.15830875122910526,2034
RL,pooled,0.8,0.5931758530183727,0.8416912487708947,0.15830875122910526,2034
RL,pooled,0.8200000000000001,0.07961504811898512,0.014652014652014652,0.9853479853479854,273
RL,pooled,0.84,0.07961504811898512,0.014652014652014652,0.9853479853479854,273
RL,pooled,0.86,0.07961504811898512,0.014652014652014652,0.9853479853479854,273
RL,pooled,0.88,0.07961504811898512,0.014652014652014652,0.9853479853479854,273
RL,pooled,0.9,0.07961504811898512,0.014652014652014652,0.9853479853479854,273
RL,pooled,0.92,0.07961504811898512,0.014652014652014652,0.9853479853479854,273
RL,pooled,0.9400000000000001,0.07961504811898512,0.014652014652014652,0.9853479853479854,273
RL,pooled,0.96,0.0,0.0,1.0,0
RL,pooled,0.98,0.0,0.0,1.0,0
RL,pooled,1.0,0.0,0.0,1.0,0
ROUTER,pooled,0.0,1.0,0.08690580344123651,0.9130941965587634,3429
ROUTER,pooled,0.02,1.0,0.08690580344123651,0.9130941965587634,3429
ROUTER,pooled,0.04,1.0,0.08690580344123651,0.9130941965587634,3429
ROUTER,pooled,0.06,1.0,0.08690580344123651,0.9130941965587634,3429
ROUTER,pooled,0.08,1.0,0.08690580344123651,0.9130941965587634,3429
ROUTER,pooled,0.1,1.0,0.08690580344123651,0.9130941965587634,3429
ROUTER,pooled,0.12,1.0,0.08690580344123651,0.9130941965587634,3429
ROUTER,pooled,0.14,1.0,0.08690580344123651,0.9130941965587634,3429
ROUTER,pooled,0.16,1.0,0.08690580344123651,0.9130941965587634,3429
ROUTER,pooled,0.18,1.0,0.08690580344123651,0.9130941965587634,3429
ROUTER,pooled,0.2,1.0,0.08690580344123651,0.9130941965587634,3429
ROUTER,pooled,0.22,1.0,0.08690580344123651,0.9130941965587634,3429
ROUTER,pooled,0.24,1.0,0.08690580344123651,0.9130941965587634,3429
ROUTER,pooled,0.26,1.0,0.08690580344123651,0.9130941965587634,3429
ROUTER,pooled,0.28,1.0,0.08690580344123651,0.9130941965587634,3429
ROUTER,pooled,0.3,0.9921259842519685,0.08024691358024691,0.9197530864197531,3402
ROUTER,pooled,0.32,0.9921259842519685,0.08024691358024691,0.9197530864197531,3402
ROUTER,pooled,0.34,0.9921259842519685,0.08024691358024691,0.9197530864197531,3402
ROUTER,pooled,0.36,0.9921259842519685,0.08024691358024691,0.9197530864197531,3402
ROUTER,pooled,0.38,0.9921259842519685,0.08024691358024691,0.9197530864197531,3402
ROUTER,pooled,0.4,0.07961504811898512,1.0,0.0,273
ROUTER,pooled,0.42,0.07961504811898512,1.0,0.0,273
ROUTER,pooled,0.44,0.07961504811898512,1.0,0.0,273
ROUTER,pooled,0.46,0.07961504811898512,1.0,0.0,273
ROUTER,pooled,0.48,0.07961504811898512,1.0,0.0,273
ROUTER,pooled,0.5,0.07961504811898512,1.0,0.0,273
ROUTER,pooled,0.52,0.07961504811898512,1.0,0.0,273
ROUTER,pooled,0.54,0.07961504811898512,1.0,0.0,273
ROUTER,pooled,0.56,0.07961504811898512,1.0,0.0,273
ROUTER,pooled,0.58,0.07961504811898512,1.0,0.0,273
ROUTER,pooled,0.6,0.07961504811898512,1.0,0.0,273
ROUTER,pooled,0.62,0.07961504811898512,1.0,0.0,273
ROUTER,pooled,0.64,0.07961504811898512,1.0,0.0,273
ROUTER,pooled,0.66,0.07961504811898512,1.0,0.0,273
ROUTER,pooled,0.68,0.07961504811898512,1.0,0.0,273
ROUTER,pooled,0.7000000000000001,0.07961504811898512,1.0,0.0,273
ROUTER,pooled,0.72,0.07961504811898512,1.0,0.0,273
ROUTER,pooled,0.74,0.07961504811898512,1.0,0.0,273
ROUTER,pooled,0.76,0.07961504811898512,1.0,0.0,273
ROUTER,pooled,0.78,0.07961504811898512,1.0,0.0,273
ROUTER,pooled,0.8,0.07961504811898512,1.0,0.0,273
ROUTER,pooled,0.8200000000000001,0.07961504811898512,1.0,0.0,273
ROUTER,pooled,0.84,0.07961504811898512,1.0,0.0,273
ROUTER,pooled,0.86,0.07961504811898512,1.0,0.0,273
ROUTER,pooled,0.88,0.07961504811898512,1.0,0.0,273
ROUTER,pooled,0.9,0.0,0.0,1.0,0
ROUTER,pooled,0.92,0.0,0.0,1.0,0
ROUTER,pooled,0.9400000000000001,0.0,0.0,1.0,0
ROUTER,pooled,0.96,0.0,0.0,1.0,0
ROUTER,pooled,0.98,0.0,0.0,1.0,0
ROUTER,pooled,1.0,0.0,0.0,1.0,0
SYM_ONLY,pooled,0.0,1.0,0.09652960046660834,0.9034703995333917,3429
SYM_ONLY,pooled,0.02,1.0,0.09652960046660834,0.9034703995333917,3429
SYM_ONLY,pooled,0.04,1.0,0.09652960046660834,0.9034703995333917,3429
SYM_ONLY,pooled,0.06,1.0,0.09652960046660834,0.9034703995333917,3429
SYM_ONLY,pooled,0.08,1.0,0.09652960046660834,0.9034703995333917,3429
SYM_ONLY,pooled,0.1,1.0,0.09652960046660834,0.9034703995333917,3429
SYM_ONLY,pooled,0.12,1.0,0.09652960046660834,0.9034703995333917,3429
SYM_ONLY,pooled,0.14,1.0,0.09652960046660834,0.9034703995333917,3429
SYM_ONLY,pooled,0.16,1.0,0.09652960046660834,0.9034703995333917,3429
SYM_ONLY,pooled,0.18,1.0,0.09652960046660834,0.9034703995333917,3429
SYM_ONLY,pooled,0.2,1.0,0.09652960046660834,0.9034703995333917,3429
SYM_ONLY,pooled,0.22,1.0,0.09652960046660834,0.9034703995333917,3429
SYM_ONLY,pooled,0.24,1.0,0.09652960046660834,0.9034703995333917,3429
SYM_ONLY,pooled,0.26,1.0,0.09652960046660834,0.9034703995333917,3429
SYM_ONLY,pooled,0.28,1.0,0.09652960046660834,0.9034703995333917,3429
SYM_ONLY,pooled,0.3,1.0,0.09652960046660834,0.9034703995333917,3429
SYM_ONLY,pooled,0.32,0.07961504811898512,1.0,0.0,273
SYM_ONLY,pooled,0.34,0.07961504811898512,1.0,0.0,273
SYM_ONLY,pooled,0.36,0.07961504811898512,1.0,0.0,273
SYM_ONLY,pooled,0.38,0.07961504811898512,1.0,0.0,273
SYM_ONLY,pooled,0.4,0.07961504811898512,1.0,0.0,273
SYM_ONLY,pooled,0.42,0.07961504811898512,1.0,0.0,273
SYM_ONLY,pooled,0.44,0.07961504811898512,1.0,0.0,273
SYM_ONLY,pooled,0.46,0.07961504811898512,1.0,0.0,273
SYM_ONLY,pooled,0.48,0.07961504811898512,1.0,0.0,273
SYM_ONLY,pooled,0.5,0.07961504811898512,1.0,0.0,273
SYM_ONLY,pooled,0.52,0.07961504811898512,1.0,0.0,273
SYM_ONLY,pooled,0.54,0.07961504811898512,1.0,0.0,273
SYM_ONLY,pooled,0.56,0.07961504811898512,1.0,0.0,273
SYM_ONLY,pooled,0.58,0.07961504811898512,1.0,0.0,273
SYM_ONLY,pooled,0.6,0.07961504811898512,1.0,0.0,273
SYM_ONLY,pooled,0.62,0.07961504811898512,1.0,0.0,273
SYM_ONLY,pooled,0.64,0.07961504811898512,1.0,0.0,273
SYM_ONLY,pooled,0.66,0.07961504811898512,1.0,0.0,273
SYM_ONLY,pooled,0.68,0.07961504811898512,1.0,0.0,273
SYM_ONLY,pooled,0.7000000000000001,0.07961504811898512,1.0,0.0,273
SYM_ONLY,pooled,0.72,0.07961504811898512,1.0,0.0,273
SYM_ONLY,pooled,0.74,0.07961504811898512,1.0,0.0,273
SYM_ONLY,pooled,0.76,0.07961504811898512,1.0,0.0,273
SYM_ONLY,pooled,0.78,0.07961504811898512,1.0,0.0,273
SYM_ONLY,pooled,0.8,0.07961504811898512,1.0,0.0,273
SYM_ONLY,pooled,0.8200000000000001,0.07961504811898512,1.0,0.0,273
SYM_ONLY,pooled,0.84,0.07961504811898512,1.0,0.0,273
SYM_ONLY,pooled,0.86,0.07961504811898512,1.0,0.0,273
SYM_ONLY,pooled,0.88,0.07961504811898512,1.0,0.0,273
SYM_ONLY,pooled,0.9,0.07961504811898512,1.0,0.0,273
SYM_ONLY,pooled,0.92,0.0,0.0,1.0,0
SYM_ONLY,pooled,0.9400000000000001,0.0,0.0,1.0,0
SYM_ONLY,pooled,0.96,0.0,0.0,1.0,0
SYM_ONLY,pooled,0.98,0.0,0.0,1.0,0
SYM_ONLY,pooled,1.0,0.0,0.0,1.0,0
